d,algorithm,n_seeds,ndcg_mean,ndcg_std,ndcg_ci95_low,ndcg_ci95_high,gh_mean,gh_std,gh_ci95_low,gh_ci95_high
13,knni,20,0.778,0.0,0.778,0.778,0.24100000000000002,0.0,0.24100000000000002,0.24100000000000002
13,knni mmr,20,0.751,0.0,0.751,0.751,0.168,0.0,0.168,0.168
13,knni td,20,0.735,0.0,0.735,0.735,0.24,0.0,0.24,0.24
13,knnu,20,0.8379999999999999,0.0,0.8379999999999999,0.8379999999999999,0.23400000000000004,0.0,0.23400000000000004,0.23400000000000004
13,knnu mmr,20,0.65635,0.0015652475842498571,0.655664,0.657036,0.1669,0.0003077935056255462,0.1667651035484841,0.1670348964515159
13,knnu td,20,0.601,0.0,0.601,0.601,0.236,0.0,0.236,0.236
13,svd,20,0.8,0.0,0.8,0.8,0.242,0.0,0.242,0.242
13,svd mmr,20,0.5853999999999999,0.0005026246899500379,0.5851797150171159,0.585620284982884,0.23000000000000004,0.0004588314677411214,0.22979890824299135,0.23020109175700873
13,svd td,20,0.737,0.0,0.737,0.737,0.256,0.0,0.256,0.256
14,knni,20,0.778,0.0,0.778,0.778,0.24100000000000002,0.0,0.24100000000000002,0.24100000000000002
14,knni mmr,20,0.7487999999999999,0.0004103913408340552,0.7486201380646454,0.7489798619353544,0.168,0.0,0.168,0.168
14,knni td,20,0.73,0.0,0.73,0.73,0.23899999999999996,0.0,0.23899999999999996,0.23899999999999996
14,knnu,20,0.8379999999999999,0.0,0.8379999999999999,0.8379999999999999,0.23400000000000004,0.0,0.23400000000000004,0.23400000000000004
14,knnu mmr,20,0.6725000000000001,0.0030693733288049228,0.6711547878273397,0.6738452121726605,0.16720000000000002,0.00041039134083406065,0.1670201380646455,0.16737986193535453
14,knnu td,20,0.593,0.0,0.593,0.593,0.236,0.0,0.236,0.236
14,svd,20,0.8,0.0,0.8,0.8,0.242,0.0,0.242,0.242
14,svd mmr,20,0.578,0.00032444284226152537,0.5778578066549784,0.5781421933450215,0.2313,0.0004701623459816269,0.23109394226664917,0.23150605773335084
14,svd td,20,0.728,0.0,0.728,0.728,0.255,0.0,0.255,0.255
15,knni,20,0.778,0.0,0.778,0.778,0.24100000000000002,0.0,0.24100000000000002,0.24100000000000002
15,knni mmr,20,0.74735,0.0004893604849295736,0.7471355283112783,0.7475644716887216,0.16705,0.000223606797749976,0.16695200000000002,0.167148
15,knni td,20,0.713,0.0,0.713,0.713,0.23899999999999996,0.0,0.23899999999999996,0.23899999999999996
15,knnu,20,0.8379999999999999,0.0,0.8379999999999999,0.8379999999999999,0.23400000000000004,0.0,0.23400000000000004,0.23400000000000004
15,knnu mmr,20,0.693,0.0,0.693,0.693,0.16595,0.00022360679774997814,0.165852,0.16604799999999997
15,knnu td,20,0.591,0.0,0.591,0.591,0.236,0.0,0.236,0.236
15,svd,20,0.8,0.0,0.8,0.8,0.242,0.0,0.242,0.242
15,svd mmr,20,0.5814999999999999,0.0022360679774997894,0.5805199999999999,0.5824799999999999,0.2278,0.0004103913408340639,0.22762013806464548,0.22797986193535452
15,svd td,20,0.726,0.0,0.726,0.726,0.255,0.0,0.255,0.255
16,knni,20,0.778,0.0,0.778,0.778,0.24100000000000002,0.0,0.24100000000000002,0.24100000000000002
16,knni mmr,20,0.7582,0.0025256578090511396,0.7570930816604075,0.7593069183395925,0.169,0.0,0.169,0.169
16,knni td,20,0.713,0.0,0.713,0.713,0.23899999999999996,0.0,0.23899999999999996,0.23899999999999996
16,knnu,20,0.8379999999999999,0.0,0.8379999999999999,0.8379999999999999,0.23400000000000004,0.0,0.23400000000000004,0.23400000000000004
16,knnu mmr,20,0.719,0.0,0.719,0.719,0.16905,0.00022360679774997453,0.16895200000000002,0.169148
16,knnu td,20,0.591,0.0,0.591,0.591,0.236,0.0,0.236,0.236
16,svd,20,0.8,0.0,0.8,0.8,0.242,0.0,0.242,0.242
16,svd mmr,20,0.592,0.0,0.592,0.592,0.22600000000000003,0.0,0.22600000000000003,0.22600000000000003
16,svd td,20,0.726,0.0,0.726,0.726,0.255,0.0,0.255,0.255
17,knni,20,0.778,0.0,0.778,0.778,0.24100000000000002,0.0,0.24100000000000002,0.24100000000000002
17,knni mmr,20,0.75805,0.00022360679774997394,0.757952,0.758148,0.167,0.0,0.167,0.167
17,knni td,20,0.713,0.0,0.713,0.713,0.23899999999999996,0.0,0.23899999999999996,0.23899999999999996
17,knnu,20,0.8379999999999999,0.0,0.8379999999999999,0.8379999999999999,0.23400000000000004,0.0,0.23400000000000004,0.23400000000000004
17,knnu mmr,20,0.6953499999999999,0.0034377930497096042,0.6938433207654614,0.6968566792345384,0.1633,0.00047016234598162555,0.16309394226664917,0.16350605773335083
17,knnu td,20,0.591,0.0,0.591,0.591,0.236,0.0,0.236,0.236
17,svd,20,0.8,0.0,0.8,0.8,0.242,0.0,0.242,0.242
17,svd mmr,20,0.594,0.0,0.594,0.594,0.225,0.0,0.225,0.225
17,svd td,20,0.726,0.0,0.726,0.726,0.255,0.0,0.255,0.255
18,knni,20,0.778,0.0,0.778,0.778,0.24100000000000002,0.0,0.24100000000000002,0.24100000000000002
18,knni mmr,20,0.7804,0.001046296727561198,0.7799414402409374,0.7808585597590626,0.16485,0.0003663475485325231,0.1646894411077058,0.16501055889229418
18,knni td,20,0.713,0.0,0.713,0.713,0.23899999999999996,0.0,0.23899999999999996,0.23899999999999996
18,knnu,20,0.8379999999999999,0.0,0.8379999999999999,0.8379999999999999,0.23400000000000004,0.0,0.23400000000000004,0.23400000000000004
18,knnu mmr,20,0.71465,0.002621269278723372,0.7135011780862668,0.7157988219137332,0.1633,0.00047016234598162577,0.16309394226664917,0.16350605773335083
18,knnu td,20,0.591,0.0,0.591,0.591,0.236,0.0,0.236,0.236
18,svd,20,0.8,0.0,0.8,0.8,0.242,0.0,0.242,0.242
18,svd mmr,20,0.593,0.0,0.593,0.593,0.22600000000000003,0.0,0.22600000000000003,0.22600000000000003
18,svd td,20,0.726,0.0,0.726,0.726,0.255,0.0,0.255,0.255
19,knni,20,0.778,0.0,0.778,0.778,0.24100000000000002,0.0,0.24100000000000002,0.24100000000000002
19,knni mmr,20,0.78655,0.0006048053188293119,0.786284932382013,0.7868150676179869,0.16405,0.000223606797749976,0.16395200000000001,0.164148
19,knni td,20,0.713,0.0,0.713,0.713,0.23899999999999996,0.0,0.23899999999999996,0.23899999999999996
19,knnu,20,0.8379999999999999,0.0,0.8379999999999999,0.8379999999999999,0.23400000000000004,0.0,0.23400000000000004,0.23400000000000004
19,knnu mmr,20,0.7213999999999999,0.0009947229183096787,0.7209640434594329,0.721835956540567,0.16194999999999998,0.00022360679774997857,0.161852,0.16204799999999997
19,knnu td,20,0.591,0.0,0.591,0.591,0.236,0.0,0.236,0.236
19,svd,20,0.8,0.0,0.8,0.8,0.242,0.0,0.242,0.242
19,svd mmr,20,0.595,0.0,0.595,0.595,0.22400000000000003,0.0,0.22400000000000003,0.22400000000000003
19,svd td,20,0.726,0.0,0.726,0.726,0.255,0.0,0.255,0.255
20,knni,20,0.778,0.0,0.778,0.778,0.24100000000000002,0.0,0.24100000000000002,0.24100000000000002
20,knni mmr,20,0.7902500000000001,0.0013327849749579558,0.7896658812305344,0.7908341187694659,0.16405,0.00022360679774997868,0.16395200000000001,0.164148
20,knni td,20,0.713,0.0,0.713,0.713,0.23899999999999996,0.0,0.23899999999999996,0.23899999999999996
20,knnu,20,0.8379999999999999,0.0,0.8379999999999999,0.8379999999999999,0.23400000000000004,0.0,0.23400000000000004,0.23400000000000004
20,knnu mmr,20,0.6969,0.0006407232755171852,0.6966191906434307,0.6971808093565692,0.1628,0.00041039134083406537,0.16262013806464548,0.16297986193535452
20,knnu td,20,0.591,0.0,0.591,0.591,0.236,0.0,0.236,0.236
20,svd,20,0.8,0.0,0.8,0.8,0.242,0.0,0.242,0.242
20,svd mmr,20,0.595,0.0,0.595,0.595,0.22400000000000003,0.0,0.22400000000000003,0.22400000000000003
20,svd td,20,0.726,0.0,0.726,0.726,0.255,0.0,0.255,0.255
21,knni,20,0.778,0.0,0.778,0.778,0.24100000000000002,0.0,0.24100000000000002,0.24100000000000002
21,knni mmr,20,0.7822500000000001,0.004876096367943726,0.780112956543062,0.7843870434569382,0.16305,0.00022360679774997868,0.162952,0.163148
21,knni td,20,0.713,0.0,0.713,0.713,0.23899999999999996,0.0,0.23899999999999996,0.23899999999999996
21,knnu,20,0.8379999999999999,0.0,0.8379999999999999,0.8379999999999999,0.23400000000000004,0.0,0.23400000000000004,0.23400000000000004
21,knnu mmr,20,0.7057,0.0011285761872936553,0.7052053796777751,0.7061946203222249,0.16025,0.00044426165831932163,0.16005529374351143,0.16044470625648857
21,knnu td,20,0.591,0.0,0.591,0.591,0.236,0.0,0.236,0.236
21,svd,20,0.8,0.0,0.8,0.8,0.242,0.0,0.242,0.242
21,svd mmr,20,0.59495,0.0002236067977499786,0.5948519999999999,0.595048,0.22400000000000003,0.0,0.22400000000000003,0.22400000000000003
21,svd td,20,0.726,0.0,0.726,0.726,0.255,0.0,0.255,0.255
22,knni,20,0.778,0.0,0.778,0.778,0.24100000000000002,0.0,0.24100000000000002,0.24100000000000002
22,knni mmr,20,0.7575000000000001,0.0038865490036656906,0.7557966447970643,0.7592033552029358,0.1632,0.00041039134083406184,0.1630201380646455,0.16337986193535453
22,knni td,20,0.713,0.0,0.713,0.713,0.23899999999999996,0.0,0.23899999999999996,0.23899999999999996
22,knnu,20,0.8379999999999999,0.0,0.8379999999999999,0.8379999999999999,0.23400000000000004,0.0,0.23400000000000004,0.23400000000000004
22,knnu mmr,20,0.69175,0.005937171043518958,0.6891479200627191,0.6943520799372809,0.162,0.00045883146774112647,0.1617989082429913,0.1622010917570087
22,knnu td,20,0.591,0.0,0.591,0.591,0.236,0.0,0.236,0.236
22,svd,20,0.8,0.0,0.8,0.8,0.242,0.0,0.242,0.242
22,svd mmr,20,0.592,0.0,0.592,0.592,0.2233,0.0004701623459816257,0.22309394226664916,0.22350605773335083
22,svd td,20,0.726,0.0,0.726,0.726,0.255,0.0,0.255,0.255
23,knni,20,0.778,0.0,0.778,0.778,0.24100000000000002,0.0,0.24100000000000002,0.24100000000000002
23,knni mmr,20,0.7659,0.00044721359549999357,0.765704,0.766096,0.16385,0.00036634754853252533,0.1636894411077058,0.16401055889229418
23,knni td,20,0.713,0.0,0.713,0.713,0.23899999999999996,0.0,0.23899999999999996,0.23899999999999996
23,knnu,20,0.8379999999999999,0.0,0.8379999999999999,0.8379999999999999,0.23400000000000004,0.0,0.23400000000000004,0.23400000000000004
23,knnu mmr,20,0.6686500000000001,0.0057790456323732866,0.6661172215797043,0.6711827784202958,0.16035,0.0004893604849295902,0.16013552831127825,0.16056447168872173
23,knnu td,20,0.591,0.0,0.591,0.591,0.236,0.0,0.236,0.236
23,svd,20,0.8,0.0,0.8,0.8,0.242,0.0,0.242,0.242
23,svd mmr,20,0.5908,0.00170448325245359,0.5900529772778768,0.5915470227221232,0.223,0.0,0.223,0.223
23,svd td,20,0.726,0.0,0.726,0.726,0.255,0.0,0.255,0.255
24,knni,20,0.778,0.0,0.778,0.778,0.24100000000000002,0.0,0.24100000000000002,0.24100000000000002
24,knni mmr,20,0.78715,0.0046257289610452425,0.7851226848971322,0.7891773151028678,0.1622,0.0004103913408340644,0.1620201380646455,0.16237986193535453
24,knni td,20,0.713,0.0,0.713,0.713,0.23899999999999996,0.0,0.23899999999999996,0.23899999999999996
24,knnu,20,0.8379999999999999,0.0,0.8379999999999999,0.8379999999999999,0.23400000000000004,0.0,0.23400000000000004,0.23400000000000004
24,knnu mmr,20,0.6672,0.0017350868323485983,0.6664395646676168,0.6679604353323833,0.1601,0.0004472135954999606,0.159904,0.160296
24,knnu td,20,0.591,0.0,0.591,0.591,0.236,0.0,0.236,0.236
24,svd,20,0.8,0.0,0.8,0.8,0.242,0.0,0.242,0.242
24,svd mmr,20,0.5904,0.0009403246919632677,0.5899878845332983,0.5908121154667018,0.22495000000000004,0.0002236067977499753,0.22485200000000005,0.22504800000000003
24,svd td,20,0.726,0.0,0.726,0.726,0.255,0.0,0.255,0.255
25,knni,20,0.778,0.0,0.778,0.778,0.24100000000000002,0.0,0.24100000000000002,0.24100000000000002
25,knni mmr,20,0.7967500000000001,0.00733323365163512,0.7935360686477708,0.7999639313522293,0.16115,0.0004893604849295931,0.16093552831127825,0.16136447168872173
25,knni td,20,0.713,0.0,0.713,0.713,0.23899999999999996,0.0,0.23899999999999996,0.23899999999999996
25,knnu,20,0.8379999999999999,0.0,0.8379999999999999,0.8379999999999999,0.23400000000000004,0.0,0.23400000000000004,0.23400000000000004
25,knnu mmr,20,0.6486500000000001,0.0016944180805158326,0.6479073885339738,0.6493926114660263,0.15745,0.0005104177855340352,0.15722629954238573,0.15767370045761428
25,knnu td,20,0.591,0.0,0.591,0.591,0.236,0.0,0.236,0.236
25,svd,20,0.8,0.0,0.8,0.8,0.242,0.0,0.242,0.242
25,svd mmr,20,0.5784,0.005113449757360728,0.5761589318336303,0.5806410681663697,0.2239,0.0003077935056255462,0.22376510354848408,0.2240348964515159
25,svd td,20,0.726,0.0,0.726,0.726,0.255,0.0,0.255,0.255
26,knni,20,0.778,0.0,0.778,0.778,0.24100000000000002,0.0,0.24100000000000002,0.24100000000000002
26,knni mmr,20,0.769,0.008423026084552544,0.7653084460553425,0.7726915539446575,0.1613,0.00047016234598162154,0.16109394226664916,0.16150605773335083
26,knni td,20,0.713,0.0,0.713,0.713,0.23899999999999996,0.0,0.23899999999999996,0.23899999999999996
26,knnu,20,0.8379999999999999,0.0,0.8379999999999999,0.8379999999999999,0.23400000000000004,0.0,0.23400000000000004,0.23400000000000004
26,knnu mmr,20,0.64645,0.0011459310165698668,0.6459477735884871,0.6469522264115128,0.1571,0.0004472135954999636,0.156904,0.157296
26,knnu td,20,0.591,0.0,0.591,0.591,0.236,0.0,0.236,0.236
26,svd,20,0.8,0.0,0.8,0.8,0.242,0.0,0.242,0.242
26,svd mmr,20,0.57975,0.0009104654680003368,0.5793509709151875,0.5801490290848125,0.22200000000000003,0.0,0.22200000000000003,0.22200000000000003
26,svd td,20,0.726,0.0,0.726,0.726,0.255,0.0,0.255,0.255
27,knni,20,0.778,0.0,0.778,0.778,0.24100000000000002,0.0,0.24100000000000002,0.24100000000000002
27,knni mmr,20,0.7867,0.007469939758793238,0.7834261545546559,0.789973845445344,0.16185,0.000366347548532524,0.1616894411077058,0.16201055889229418
27,knni td,20,0.713,0.0,0.713,0.713,0.23899999999999996,0.0,0.23899999999999996,0.23899999999999996
27,knnu,20,0.8379999999999999,0.0,0.8379999999999999,0.8379999999999999,0.23400000000000004,0.0,0.23400000000000004,0.23400000000000004
27,knnu mmr,20,0.6593500000000001,0.008671034661749625,0.65554975150397,0.6631502484960302,0.15855000000000002,0.0006048053188293015,0.1582849323820131,0.15881506761798694
27,knnu td,20,0.591,0.0,0.591,0.591,0.236,0.0,0.236,0.236
27,svd,20,0.8,0.0,0.8,0.8,0.242,0.0,0.242,0.242
27,svd mmr,20,0.5768,0.0008335087534664793,0.5764346986824119,0.577165301317588,0.22164999999999999,0.0004893604849295929,0.22143552831127825,0.22186447168872173
27,svd td,20,0.726,0.0,0.726,0.726,0.255,0.0,0.255,0.255
28,knni,20,0.778,0.0,0.778,0.778,0.24100000000000002,0.0,0.24100000000000002,0.24100000000000002
28,knni mmr,20,0.7601,0.005427997595314212,0.7577210751654537,0.7624789248345463,0.1611,0.0004472135954999626,0.160904,0.161296
28,knni td,20,0.713,0.0,0.713,0.713,0.23899999999999996,0.0,0.23899999999999996,0.23899999999999996
28,knnu,20,0.8379999999999999,0.0,0.8379999999999999,0.8379999999999999,0.23400000000000004,0.0,0.23400000000000004,0.23400000000000004
28,knnu mmr,20,0.657,0.007532386215885612,0.6536987861881455,0.6603012138118546,0.1574,0.0006805570473787218,0.15710173272318095,0.15769826727681907
28,knnu td,20,0.591,0.0,0.591,0.591,0.236,0.0,0.236,0.236
28,svd,20,0.8,0.0,0.8,0.8,0.242,0.0,0.242,0.242
28,svd mmr,20,0.5763499999999999,0.0009333020044867151,0.5759409623617884,0.5767590376382115,0.22115,0.000366347548532525,0.22098944110770583,0.2213105588922942
28,svd td,20,0.726,0.0,0.726,0.726,0.255,0.0,0.255,0.255
29,knni,20,0.778,0.0,0.778,0.778,0.24100000000000002,0.0,0.24100000000000002,0.24100000000000002
29,knni mmr,20,0.74505,0.005539095499029467,0.7426223843623402,0.7474776156376598,0.1599,0.0003077935056255482,0.15976510354848408,0.1600348964515159
29,knni td,20,0.713,0.0,0.713,0.713,0.23899999999999996,0.0,0.23899999999999996,0.23899999999999996
29,knnu,20,0.8379999999999999,0.0,0.8379999999999999,0.8379999999999999,0.23400000000000004,0.0,0.23400000000000004,0.23400000000000004
29,knnu mmr,20,0.6761,0.0085587751214147,0.6723489514167791,0.679851048583221,0.1567,0.0005712405705774776,0.15644964278152587,0.15695035721847414
29,knnu td,20,0.591,0.0,0.591,0.591,0.236,0.0,0.236,0.236
29,svd,20,0.8,0.0,0.8,0.8,0.242,0.0,0.242,0.242
29,svd mmr,20,0.57555,0.001431782106327642,0.5749224938247316,0.5761775061752684,0.22215,0.00036634754853252414,0.2219894411077058,0.22231055889229417
29,svd td,20,0.726,0.0,0.726,0.726,0.255,0.0,0.255,0.255
30,knni,20,0.778,0.0,0.778,0.778,0.24100000000000002,0.0,0.24100000000000002,0.24100000000000002
30,knni mmr,20,0.75725,0.005865824301566001,0.7546791891510551,0.7598208108489448,0.1603,0.0005712405705774824,0.16004964278152586,0.16055035721847413
30,knni td,20,0.713,0.0,0.713,0.713,0.23899999999999996,0.0,0.23899999999999996,0.23899999999999996
30,knnu,20,0.8379999999999999,0.0,0.8379999999999999,0.8379999999999999,0.23400000000000004,0.0,0.23400000000000004,0.23400000000000004
30,knnu mmr,20,0.6950999999999999,0.003878415303079059,0.6934002095485186,0.6967997904514813,0.1563,0.0006569466853317911,0.15601208042058495,0.15658791957941504
30,knnu td,20,0.591,0.0,0.591,0.591,0.236,0.0,0.236,0.236
30,svd,20,0.8,0.0,0.8,0.8,0.242,0.0,0.242,0.242
30,svd mmr,20,0.58515,0.002476733842445692,0.5840645235341589,0.586235476465841,0.22290000000000001,0.0003077935056255542,0.2227651035484841,0.22303489645151592
30,svd td,20,0.726,0.0,0.726,0.726,0.255,0.0,0.255,0.255
31,knni,20,0.778,0.0,0.778,0.778,0.24100000000000002,0.0,0.24100000000000002,0.24100000000000002
31,knni mmr,20,0.7546,0.008375402582625665,0.7509293179753191,0.758270682024681,0.15935000000000002,0.0004893604849295942,0.15913552831127828,0.15956447168872176
31,knni td,20,0.713,0.0,0.713,0.713,0.23899999999999996,0.0,0.23899999999999996,0.23899999999999996
31,knnu,20,0.8379999999999999,0.0,0.8379999999999999,0.8379999999999999,0.23400000000000004,0.0,0.23400000000000004,0.23400000000000004
31,knnu mmr,20,0.677,0.01051314966075693,0.6723924090093801,0.68160759099062,0.15394999999999998,0.0008870412083230217,0.15356123704963182,0.15433876295036814
31,knnu td,20,0.591,0.0,0.591,0.591,0.236,0.0,0.236,0.236
31,svd,20,0.8,0.0,0.8,0.8,0.242,0.0,0.242,0.242
31,svd mmr,20,0.5885,0.0028377159087807444,0.5872563161681182,0.5897436838318818,0.223,0.0,0.223,0.223
31,svd td,20,0.726,0.0,0.726,0.726,0.255,0.0,0.255,0.255
32,knni,20,0.778,0.0,0.778,0.778,0.24100000000000002,0.0,0.24100000000000002,0.24100000000000002
32,knni mmr,20,0.74675,0.0032097712658299238,0.7453432557184463,0.7481567442815538,0.15825,0.0005501196042201773,0.15800889945316485,0.15849110054683516
32,knni td,20,0.713,0.0,0.713,0.713,0.23899999999999996,0.0,0.23899999999999996,0.23899999999999996
32,knnu,20,0.8379999999999999,0.0,0.8379999999999999,0.8379999999999999,0.23400000000000004,0.0,0.23400000000000004,0.23400000000000004
32,knnu mmr,20,0.6808000000000001,0.006526061115574246,0.6779398276091706,0.6836601723908295,0.15485,0.0006708203932499367,0.154556,0.15514399999999998
32,knnu td,20,0.591,0.0,0.591,0.591,0.236,0.0,0.236,0.236
32,svd,20,0.8,0.0,0.8,0.8,0.242,0.0,0.242,0.242
32,svd mmr,20,0.58945,0.0032195946132524615,0.588038950446616,0.590861049553384,0.22285,0.0005871429486124017,0.22259267325706103,0.22310732674293896
32,svd td,20,0.726,0.0,0.726,0.726,0.255,0.0,0.255,0.255
33,knni,20,0.778,0.0,0.778,0.778,0.24100000000000002,0.0,0.24100000000000002,0.24100000000000002
33,knni mmr,20,0.7545499999999999,0.007067159036140699,0.7514526809895279,0.757647319010472,0.15875,0.00044426165831932076,0.15855529374351143,0.15894470625648857
33,knni td,20,0.713,0.0,0.713,0.713,0.23899999999999996,0.0,0.23899999999999996,0.23899999999999996
33,knnu,20,0.8379999999999999,0.0,0.8379999999999999,0.8379999999999999,0.23400000000000004,0.0,0.23400000000000004,0.23400000000000004
33,knnu mmr,20,0.6936,0.01288573262423044,0.6879525786788174,0.6992474213211826,0.15389999999999998,0.0007880689256524136,0.15355461356501204,0.15424538643498792
33,knnu td,20,0.591,0.0,0.591,0.591,0.236,0.0,0.236,0.236
33,svd,20,0.8,0.0,0.8,0.8,0.242,0.0,0.242,0.242
33,svd mmr,20,0.59105,0.0006863327411532524,0.5907492014137771,0.5913507985862229,0.22280000000000003,0.0006155870112510926,0.22253020709696825,0.2230697929030318
33,svd td,20,0.726,0.0,0.726,0.726,0.255,0.0,0.255,0.255
34,knni,20,0.778,0.0,0.778,0.778,0.24100000000000002,0.0,0.24100000000000002,0.24100000000000002
34,knni mmr,20,0.76025,0.004165964853175642,0.7584241854016992,0.7620758145983008,0.1593,0.0004701623459816263,0.15909394226664916,0.15950605773335083
34,knni td,20,0.713,0.0,0.713,0.713,0.23899999999999996,0.0,0.23899999999999996,0.23899999999999996
34,knnu,20,0.8379999999999999,0.0,0.8379999999999999,0.8379999999999999,0.23400000000000004,0.0,0.23400000000000004,0.23400000000000004
34,knnu mmr,20,0.7018,0.00875755313098959,0.697961833112978,0.705638166887022,0.15435,0.0006708203932499368,0.154056,0.15464399999999998
34,knnu td,20,0.591,0.0,0.591,0.591,0.236,0.0,0.236,0.236
34,svd,20,0.8,0.0,0.8,0.8,0.242,0.0,0.242,0.242
34,svd mmr,20,0.5883999999999999,0.0010954451150103628,0.5879199000104144,0.5888800999895855,0.2231,0.00030779350562554734,0.2229651035484841,0.2232348964515159
34,svd td,20,0.726,0.0,0.726,0.726,0.255,0.0,0.255,0.255
35,knni,20,0.778,0.0,0.778,0.778,0.24100000000000002,0.0,0.24100000000000002,0.24100000000000002
35,knni mmr,20,0.75225,0.005118336489627494,0.7500067901287851,0.7544932098712148,0.15945,0.0005104177855340401,0.1592262995423857,0.1596737004576143
35,knni td,20,0.713,0.0,0.713,0.713,0.23899999999999996,0.0,0.23899999999999996,0.23899999999999996
35,knnu,20,0.8379999999999999,0.0,0.8379999999999999,0.8379999999999999,0.23400000000000004,0.0,0.23400000000000004,0.23400000000000004
35,knnu mmr,20,0.6955,0.007542859990885757,0.6921941958538608,0.6988058041461392,0.15495,0.0006048053188292986,0.15468493238201309,0.15521506761798692
35,knnu td,20,0.591,0.0,0.591,0.591,0.236,0.0,0.236,0.236
35,svd,20,0.8,0.0,0.8,0.8,0.242,0.0,0.242,0.242
35,svd mmr,20,0.58905,0.0011459310165698887,0.5885477735884871,0.5895522264115128,0.22275,0.0004442616583193143,0.22255529374351143,0.22294470625648857
35,svd td,20,0.726,0.0,0.726,0.726,0.255,0.0,0.255,0.255
36,knni,20,0.778,0.0,0.778,0.778,0.24100000000000002,0.0,0.24100000000000002,0.24100000000000002
36,knni mmr,20,0.75285,0.004356181331105681,0.7509408193545811,0.7547591806454189,0.1588,0.0005231483637806123,0.15857072012046866,0.15902927987953133
36,knni td,20,0.713,0.0,0.713,0.713,0.23899999999999996,0.0,0.23899999999999996,0.23899999999999996
36,knnu,20,0.8379999999999999,0.0,0.8379999999999999,0.8379999999999999,0.23400000000000004,0.0,0.23400000000000004,0.23400000000000004
36,knnu mmr,20,0.6829500000000001,0.005539095499029435,0.6805223843623402,0.6853776156376599,0.1565,0.0005129891760425803,0.15627517258080684,0.15672482741919316
36,knnu td,20,0.591,0.0,0.591,0.591,0.236,0.0,0.236,0.236
36,svd,20,0.8,0.0,0.8,0.8,0.242,0.0,0.242,0.242
36,svd mmr,20,0.58895,0.0006863327411532581,0.5886492014137771,0.5892507985862229,0.223,0.0,0.223,0.223
36,svd td,20,0.726,0.0,0.726,0.726,0.255,0.0,0.255,0.255
37,knni,20,0.778,0.0,0.778,0.778,0.24100000000000002,0.0,0.24100000000000002,0.24100000000000002
37,knni mmr,20,0.7744,0.0036040912424924213,0.7728204373689963,0.7759795626310036,0.15775,0.0005501196042201785,0.15750889945316485,0.15799110054683516
37,knni td,20,0.713,0.0,0.713,0.713,0.23899999999999996,0.0,0.23899999999999996,0.23899999999999996
37,knnu,20,0.8379999999999999,0.0,0.8379999999999999,0.8379999999999999,0.23400000000000004,0.0,0.23400000000000004,0.23400000000000004
37,knnu mmr,20,0.6872,0.0051870283552236714,0.6849266845913142,0.6894733154086858,0.1571,0.0005525062514530823,0.1568578534588964,0.15734214654110357
37,knnu td,20,0.591,0.0,0.591,0.591,0.236,0.0,0.236,0.236
37,svd,20,0.8,0.0,0.8,0.8,0.242,0.0,0.242,0.242
37,svd mmr,20,0.58945,0.0005104177855340572,0.5892262995423857,0.5896737004576144,0.22290000000000001,0.00030779350562554745,0.2227651035484841,0.22303489645151592
37,svd td,20,0.726,0.0,0.726,0.726,0.255,0.0,0.255,0.255
38,knni,20,0.778,0.0,0.778,0.778,0.24100000000000002,0.0,0.24100000000000002,0.24100000000000002
38,knni mmr,20,0.769,0.0039336604086431136,0.7672759973134714,0.7707240026865286,0.1573,0.00047016234598162214,0.15709394226664916,0.15750605773335083
38,knni td,20,0.713,0.0,0.713,0.713,0.23899999999999996,0.0,0.23899999999999996,0.23899999999999996
38,knnu,20,0.8379999999999999,0.0,0.8379999999999999,0.8379999999999999,0.23400000000000004,0.0,0.23400000000000004,0.23400000000000004
38,knnu mmr,20,0.69025,0.008116746820455021,0.6866926788612483,0.6938073211387518,0.1567,0.0006569466853317863,0.15641208042058496,0.15698791957941505
38,knnu td,20,0.591,0.0,0.591,0.591,0.236,0.0,0.236,0.236
38,svd,20,0.8,0.0,0.8,0.8,0.242,0.0,0.242,0.242
38,svd mmr,20,0.58975,0.00044426165831931735,0.5895552937435115,0.5899447062564885,0.22240000000000001,0.0005026246899500359,0.222179715017116,0.22262028498288403
38,svd td,20,0.726,0.0,0.726,0.726,0.255,0.0,0.255,0.255
39,knni,20,0.778,0.0,0.778,0.778,0.24100000000000002,0.0,0.24100000000000002,0.24100000000000002
39,knni mmr,20,0.7727,0.00428092464188212,0.7708238020528628,0.7745761979471373,0.15865,0.0004893604849295943,0.15843552831127827,0.15886447168872175
39,knni td,20,0.713,0.0,0.713,0.713,0.23899999999999996,0.0,0.23899999999999996,0.23899999999999996
39,knnu,20,0.8379999999999999,0.0,0.8379999999999999,0.8379999999999999,0.23400000000000004,0.0,0.23400000000000004,0.23400000000000004
39,knnu mmr,20,0.6898500000000001,0.008060788782090336,0.6863172035528718,0.6933827964471283,0.1565,0.0005129891760425791,0.15627517258080684,0.15672482741919316
39,knnu td,20,0.591,0.0,0.591,0.591,0.236,0.0,0.236,0.236
39,svd,20,0.8,0.0,0.8,0.8,0.242,0.0,0.242,0.242
39,svd mmr,20,0.5901,0.0007880689256524092,0.589754613565012,0.5904453864349879,0.22349999999999998,0.0005129891760425766,0.2232751725808068,0.22372482741919314
39,svd td,20,0.726,0.0,0.726,0.726,0.255,0.0,0.255,0.255
40,knni,20,0.778,0.0,0.778,0.778,0.24100000000000002,0.0,0.24100000000000002,0.24100000000000002
40,knni mmr,20,0.7537499999999999,0.005542894930496709,0.751320719188081,0.7561792808119189,0.15805,0.0003940344628262049,0.15787730678250603,0.15822269321749396
40,knni td,20,0.713,0.0,0.713,0.713,0.23899999999999996,0.0,0.23899999999999996,0.23899999999999996
40,knnu,20,0.8379999999999999,0.0,0.8379999999999999,0.8379999999999999,0.23400000000000004,0.0,0.23400000000000004,0.23400000000000004
40,knnu mmr,20,0.7148,0.0045951919953016555,0.7127860683124532,0.7168139316875468,0.15485,0.0006708203932499418,0.154556,0.15514399999999998
40,knnu td,20,0.591,0.0,0.591,0.591,0.236,0.0,0.236,0.236
40,svd,20,0.8,0.0,0.8,0.8,0.242,0.0,0.242,0.242
40,svd mmr,20,0.5893499999999999,0.0008750939799154315,0.5889664731533447,0.5897335268466551,0.22415000000000002,0.00036634754853252197,0.22398944110770583,0.2243105588922942
40,svd td,20,0.726,0.0,0.726,0.726,0.255,0.0,0.255,0.255
41,knni,20,0.778,0.0,0.778,0.778,0.24100000000000002,0.0,0.24100000000000002,0.24100000000000002
41,knni mmr,20,0.7671,0.004375770608824536,0.7651822339750857,0.7690177660249143,0.15745,0.0005104177855340434,0.1572262995423857,0.1576737004576143
41,knni td,20,0.713,0.0,0.713,0.713,0.23899999999999996,0.0,0.23899999999999996,0.23899999999999996
41,knnu,20,0.8379999999999999,0.0,0.8379999999999999,0.8379999999999999,0.23400000000000004,0.0,0.23400000000000004,0.23400000000000004
41,knnu mmr,20,0.71745,0.007451421623457275,0.7141842704853039,0.7207157295146962,0.155,0.0003244428422615259,0.15485780665497845,0.15514219334502155
41,knnu td,20,0.591,0.0,0.591,0.591,0.236,0.0,0.236,0.236
41,svd,20,0.8,0.0,0.8,0.8,0.242,0.0,0.242,0.242
41,svd mmr,20,0.5895499999999999,0.000759154654516242,0.5892172858030649,0.5898827141969349,0.22400000000000003,0.0,0.22400000000000003,0.22400000000000003
41,svd td,20,0.726,0.0,0.726,0.726,0.255,0.0,0.255,0.255
42,knni,20,0.778,0.0,0.778,0.778,0.24100000000000002,0.0,0.24100000000000002,0.24100000000000002
42,knni mmr,20,0.765,0.007225685179675964,0.7618332038438295,0.7681667961561706,0.1565,0.0005129891760425772,0.15627517258080684,0.15672482741919316
42,knni td,20,0.713,0.0,0.713,0.713,0.23899999999999996,0.0,0.23899999999999996,0.23899999999999996
42,knnu,20,0.8379999999999999,0.0,0.8379999999999999,0.8379999999999999,0.23400000000000004,0.0,0.23400000000000004,0.23400000000000004
42,knnu mmr,20,0.71265,0.007328926107878071,0.7094379565120595,0.7158620434879405,0.15435,0.0004893604849295995,0.15413552831127825,0.15456447168872173
42,knnu td,20,0.591,0.0,0.591,0.591,0.236,0.0,0.236,0.236
42,svd,20,0.8,0.0,0.8,0.8,0.242,0.0,0.242,0.242
42,svd mmr,20,0.58895,0.00039403446282620176,0.588777306782506,0.589122693217494,0.2239,0.00030779350562555716,0.22376510354848408,0.2240348964515159
42,svd td,20,0.726,0.0,0.726,0.726,0.255,0.0,0.255,0.255
43,knni,20,0.778,0.0,0.778,0.778,0.24100000000000002,0.0,0.24100000000000002,0.24100000000000002
43,knni mmr,20,0.7691,0.005408570197283882,0.7667295895980476,0.7714704104019524,0.15705,0.00022360679774997453,0.156952,0.15714799999999998
43,knni td,20,0.713,0.0,0.713,0.713,0.23899999999999996,0.0,0.23899999999999996,0.23899999999999996
43,knnu,20,0.8379999999999999,0.0,0.8379999999999999,0.8379999999999999,0.23400000000000004,0.0,0.23400000000000004,0.23400000000000004
43,knnu mmr,20,0.7032499999999999,0.004089460136806121,0.7014577150719938,0.705042284928006,0.15485,0.0005871429486123997,0.15459267325706103,0.15510732674293895
43,knnu td,20,0.591,0.0,0.591,0.591,0.236,0.0,0.236,0.236
43,svd,20,0.8,0.0,0.8,0.8,0.242,0.0,0.242,0.242
43,svd mmr,20,0.5894999999999999,0.000760885910252679,0.5891665270467843,0.5898334729532155,0.22400000000000003,0.0,0.22400000000000003,0.22400000000000003
43,svd td,20,0.726,0.0,0.726,0.726,0.255,0.0,0.255,0.255
44,knni,20,0.778,0.0,0.778,0.778,0.24100000000000002,0.0,0.24100000000000002,0.24100000000000002
44,knni mmr,20,0.7676499999999999,0.005264328817117779,0.7653428061701666,0.7699571938298333,0.15735000000000002,0.0004893604849295929,0.15713552831127828,0.15756447168872176
44,knni td,20,0.713,0.0,0.713,0.713,0.23899999999999996,0.0,0.23899999999999996,0.23899999999999996
44,knnu,20,0.8379999999999999,0.0,0.8379999999999999,0.8379999999999999,0.23400000000000004,0.0,0.23400000000000004,0.23400000000000004
44,knnu mmr,20,0.6994499999999999,0.006847781046671863,0.6964488276325829,0.7024511723674169,0.1563,0.0009233805168766385,0.1558953106454523,0.15670468935454768
44,knnu td,20,0.591,0.0,0.591,0.591,0.236,0.0,0.236,0.236
44,svd,20,0.8,0.0,0.8,0.8,0.242,0.0,0.242,0.242
44,svd mmr,20,0.5883499999999999,0.0009880869341681022,0.587916951807714,0.5887830481922859,0.22385000000000002,0.0005871429486124019,0.22359267325706106,0.22410732674293898
44,svd td,20,0.726,0.0,0.726,0.726,0.255,0.0,0.255,0.255
45,knni,20,0.778,0.0,0.778,0.778,0.24100000000000002,0.0,0.24100000000000002,0.24100000000000002
45,knni mmr,20,0.75925,0.004854460780939947,0.7571224387571435,0.7613775612428565,0.15695,0.00022360679774997526,0.15685200000000002,0.157048
45,knni td,20,0.713,0.0,0.713,0.713,0.23899999999999996,0.0,0.23899999999999996,0.23899999999999996
45,knnu,20,0.8379999999999999,0.0,0.8379999999999999,0.8379999999999999,0.23400000000000004,0.0,0.23400000000000004,0.23400000000000004
45,knnu mmr,20,0.708,0.008693615322086724,0.7041898550932377,0.7118101449067622,0.1553,0.0004701623459816267,0.15509394226664916,0.15550605773335083
45,knnu td,20,0.591,0.0,0.591,0.591,0.236,0.0,0.236,0.236
45,svd,20,0.8,0.0,0.8,0.8,0.242,0.0,0.242,0.242
45,svd mmr,20,0.58705,0.0009445132413883411,0.586636048820575,0.587463951179425,0.22545,0.0005104177855340392,0.2252262995423857,0.2256737004576143
45,svd td,20,0.726,0.0,0.726,0.726,0.255,0.0,0.255,0.255
46,knni,20,0.778,0.0,0.778,0.778,0.24100000000000002,0.0,0.24100000000000002,0.24100000000000002
46,knni mmr,20,0.77135,0.002739093203771509,0.7701495394743332,0.7725504605256668,0.15545,0.0005104177855340471,0.1552262995423857,0.1556737004576143
46,knni td,20,0.713,0.0,0.713,0.713,0.23899999999999996,0.0,0.23899999999999996,0.23899999999999996
46,knnu,20,0.8379999999999999,0.0,0.8379999999999999,0.8379999999999999,0.23400000000000004,0.0,0.23400000000000004,0.23400000000000004
46,knnu mmr,20,0.6937499999999999,0.003767939545833055,0.6920986276839197,0.69540137231608,0.15545,0.0005104177855340399,0.1552262995423857,0.1556737004576143
46,knnu td,20,0.591,0.0,0.591,0.591,0.236,0.0,0.236,0.236
46,svd,20,0.8,0.0,0.8,0.8,0.242,0.0,0.242,0.242
46,svd mmr,20,0.58865,0.0005871429486124069,0.588392673257061,0.588907326742939,0.2251,0.000447213595499958,0.224904,0.225296
46,svd td,20,0.726,0.0,0.726,0.726,0.255,0.0,0.255,0.255
47,knni,20,0.778,0.0,0.778,0.778,0.24100000000000002,0.0,0.24100000000000002,0.24100000000000002
47,knni mmr,20,0.7662500000000001,0.0014095538674570654,0.7656322357799461,0.7668677642200541,0.15615,0.00036634754853252213,0.15598944110770582,0.1563105588922942
47,knni td,20,0.713,0.0,0.713,0.713,0.23899999999999996,0.0,0.23899999999999996,0.23899999999999996
47,knnu,20,0.8379999999999999,0.0,0.8379999999999999,0.8379999999999999,0.23400000000000004,0.0,0.23400000000000004,0.23400000000000004
47,knnu mmr,20,0.6869,0.008509437485274142,0.6831705745891978,0.6906294254108021,0.1551,0.0003077935056255486,0.15496510354848408,0.1552348964515159
47,knnu td,20,0.591,0.0,0.591,0.591,0.236,0.0,0.236,0.236
47,svd,20,0.8,0.0,0.8,0.8,0.242,0.0,0.242,0.242
47,svd mmr,20,0.5912499999999999,0.0007863975156570423,0.5909053460927401,0.5915946539072597,0.22549999999999998,0.0005129891760425765,0.22527517258080682,0.22572482741919314
47,svd td,20,0.726,0.0,0.726,0.726,0.255,0.0,0.255,0.255
48,knni,20,0.778,0.0,0.778,0.778,0.24100000000000002,0.0,0.24100000000000002,0.24100000000000002
48,knni mmr,20,0.77205,0.00022360679774998396,0.771952,0.7721480000000001,0.1561,0.0005525062514530833,0.1558578534588964,0.15634214654110357
48,knni td,20,0.713,0.0,0.713,0.713,0.23899999999999996,0.0,0.23899999999999996,0.23899999999999996
48,knnu,20,0.8379999999999999,0.0,0.8379999999999999,0.8379999999999999,0.23400000000000004,0.0,0.23400000000000004,0.23400000000000004
48,knnu mmr,20,0.6799000000000001,0.007738488904580461,0.6765084577021812,0.683291542297819,0.1538,0.00041039134083406363,0.15362013806464547,0.1539798619353545
48,knnu td,20,0.591,0.0,0.591,0.591,0.236,0.0,0.236,0.236
48,svd,20,0.8,0.0,0.8,0.8,0.242,0.0,0.242,0.242
48,svd mmr,20,0.5927499999999999,0.000638666373658495,0.5924700921204169,0.5930299078795829,0.22555,0.0006048053188292981,0.22528493238201308,0.22581506761798692
48,svd td,20,0.726,0.0,0.726,0.726,0.255,0.0,0.255,0.255
49,knni,20,0.778,0.0,0.778,0.778,0.24100000000000002,0.0,0.24100000000000002,0.24100000000000002
49,knni mmr,20,0.77385,0.0018431951662948327,0.7730421841012237,0.7746578158987764,0.1551,0.0003077935056255481,0.15496510354848408,0.1552348964515159
49,knni td,20,0.713,0.0,0.713,0.713,0.23899999999999996,0.0,0.23899999999999996,0.23899999999999996
49,knnu,20,0.8379999999999999,0.0,0.8379999999999999,0.8379999999999999,0.23400000000000004,0.0,0.23400000000000004,0.23400000000000004
49,knnu mmr,20,0.69685,0.005824404193608697,0.6942973423137526,0.6994026576862473,0.15189999999999998,0.0004472135954999621,0.15170399999999998,0.15209599999999998
49,knnu td,20,0.591,0.0,0.591,0.591,0.236,0.0,0.236,0.236
49,svd,20,0.8,0.0,0.8,0.8,0.242,0.0,0.242,0.242
49,svd mmr,20,0.593,0.0003244428422615324,0.5928578066549784,0.5931421933450215,0.22400000000000003,0.0,0.22400000000000003,0.22400000000000003
49,svd td,20,0.726,0.0,0.726,0.726,0.255,0.0,0.255,0.255
50,knni,20,0.778,0.0,0.778,0.778,0.24100000000000002,0.0,0.24100000000000002,0.24100000000000002
50,knni mmr,20,0.7721,0.004632834757978844,0.7700695706443166,0.7741304293556834,0.15405,0.0002236067977499753,0.153952,0.15414799999999998
50,knni td,20,0.713,0.0,0.713,0.713,0.23899999999999996,0.0,0.23899999999999996,0.23899999999999996
50,knnu,20,0.8379999999999999,0.0,0.8379999999999999,0.8379999999999999,0.23400000000000004,0.0,0.23400000000000004,0.23400000000000004
50,knnu mmr,20,0.6964499999999999,0.0022118104039808404,0.695480631350338,0.6974193686496618,0.1517,0.00047016234598163135,0.15149394226664917,0.15190605773335084
50,knnu td,20,0.591,0.0,0.591,0.591,0.236,0.0,0.236,0.236
50,svd,20,0.8,0.0,0.8,0.8,0.242,0.0,0.242,0.242
50,svd mmr,20,0.59295,0.00022360679774997865,0.5928519999999999,0.593048,0.223,0.0,0.223,0.223
50,svd td,20,0.726,0.0,0.726,0.726,0.255,0.0,0.255,0.255
51,knni,20,0.778,0.0,0.778,0.778,0.24100000000000002,0.0,0.24100000000000002,0.24100000000000002
51,knni mmr,20,0.7871,0.006086222577523592,0.7844325953477308,0.7897674046522692,0.15485,0.0003663475485325226,0.1546894411077058,0.15501055889229418
51,knni td,20,0.713,0.0,0.713,0.713,0.23899999999999996,0.0,0.23899999999999996,0.23899999999999996
51,knnu,20,0.8379999999999999,0.0,0.8379999999999999,0.8379999999999999,0.23400000000000004,0.0,0.23400000000000004,0.23400000000000004
51,knnu mmr,20,0.7001,0.006068902614754027,0.6974401861560984,0.7027598138439015,0.152,0.0,0.152,0.152
51,knnu td,20,0.591,0.0,0.591,0.591,0.236,0.0,0.236,0.236
51,svd,20,0.8,0.0,0.8,0.8,0.242,0.0,0.242,0.242
51,svd mmr,20,0.5948,0.00041039134083404737,0.5946201380646455,0.5949798619353545,0.22235,0.0004893604849295917,0.22213552831127825,0.22256447168872173
51,svd td,20,0.726,0.0,0.726,0.726,0.255,0.0,0.255,0.255
52,knni,20,0.778,0.0,0.778,0.778,0.24100000000000002,0.0,0.24100000000000002,0.24100000000000002
52,knni mmr,20,0.7919,0.00513911727009509,0.789647682550186,0.7941523174498141,0.1541,0.0003077935056255491,0.15396510354848408,0.1542348964515159
52,knni td,20,0.713,0.0,0.713,0.713,0.23899999999999996,0.0,0.23899999999999996,0.23899999999999996
52,knnu,20,0.8379999999999999,0.0,0.8379999999999999,0.8379999999999999,0.23400000000000004,0.0,0.23400000000000004,0.23400000000000004
52,knnu mmr,20,0.6837500000000001,0.0033697571363370616,0.6822731388191952,0.685226861180805,0.15305,0.00022360679774997453,0.152952,0.15314799999999998
52,knnu td,20,0.591,0.0,0.591,0.591,0.236,0.0,0.236,0.236
52,svd,20,0.8,0.0,0.8,0.8,0.242,0.0,0.242,0.242
52,svd mmr,20,0.59415,0.00036634754853252777,0.5939894411077058,0.5943105588922941,0.22240000000000001,0.0005026246899500381,0.222179715017116,0.22262028498288403
52,svd td,20,0.726,0.0,0.726,0.726,0.255,0.0,0.255,0.255
53,knni,20,0.778,0.0,0.778,0.778,0.24100000000000002,0.0,0.24100000000000002,0.24100000000000002
53,knni mmr,20,0.7663,0.004256264732565895,0.7644346097346385,0.7681653902653615,0.15309999999999999,0.00030779350562555244,0.15296510354848408,0.1532348964515159
53,knni td,20,0.713,0.0,0.713,0.713,0.23899999999999996,0.0,0.23899999999999996,0.23899999999999996
53,knnu,20,0.8379999999999999,0.0,0.8379999999999999,0.8379999999999999,0.23400000000000004,0.0,0.23400000000000004,0.23400000000000004
53,knnu mmr,20,0.6898,0.0005231483637805919,0.6895707201204686,0.6900292798795313,0.15205,0.00022360679774997914,0.151952,0.15214799999999998
53,knnu td,20,0.591,0.0,0.591,0.591,0.236,0.0,0.236,0.236
53,svd,20,0.8,0.0,0.8,0.8,0.242,0.0,0.242,0.242
53,svd mmr,20,0.5939,0.0003077935056255533,0.5937651035484841,0.5940348964515159,0.22294999999999998,0.00022360679774997608,0.222852,0.22304799999999997
53,svd td,20,0.726,0.0,0.726,0.726,0.255,0.0,0.255,0.255
54,knni,19,0.778,0.0,0.778,0.778,0.241,0.0,0.241,0.241
54,knni mmr,19,0.762,0.005487359211051447,0.7595325823807871,0.7644674176192129,0.153,0.0,0.153,0.153
54,knni td,19,0.713,0.0,0.713,0.713,0.23899999999999996,0.0,0.23899999999999996,0.23899999999999996
54,knnu,19,0.838,0.0,0.838,0.838,0.23400000000000004,0.0,0.23400000000000004,0.23400000000000004
54,knnu mmr,19,0.6888421052631579,0.00403131020740201,0.6870294071233636,0.6906548034029523,0.15294736842105264,0.00022941573387056378,0.1528442105263158,0.15305052631578947
54,knnu td,19,0.591,0.0,0.591,0.591,0.236,0.0,0.236,0.236
54,svd,19,0.8,0.0,0.8,0.8,0.242,0.0,0.242,0.242
54,svd mmr,19,0.5950526315789473,0.00022941573387055635,0.5949494736842105,0.5951557894736841,0.222,0.0,0.222,0.222
54,svd td,19,0.726,0.0,0.726,0.726,0.255,0.0,0.255,0.255
55,knni,20,0.778,0.0,0.778,0.778,0.24100000000000002,0.0,0.24100000000000002,0.24100000000000002
55,knni mmr,20,0.75515,0.0011367080817685394,0.7546518157178841,0.7556481842821159,0.15375,0.0004442616583193221,0.15355529374351143,0.15394470625648857
55,knni td,20,0.713,0.0,0.713,0.713,0.23899999999999996,0.0,0.23899999999999996,0.23899999999999996
55,knnu,20,0.8379999999999999,0.0,0.8379999999999999,0.8379999999999999,0.23400000000000004,0.0,0.23400000000000004,0.23400000000000004
55,knnu mmr,20,0.7018,0.0029307803882602,0.7005155288616465,0.7030844711383535,0.15389999999999998,0.0003077935056255457,0.15376510354848408,0.15403489645151588
55,knnu td,20,0.591,0.0,0.591,0.591,0.236,0.0,0.236,0.236
55,svd,20,0.8,0.0,0.8,0.8,0.242,0.0,0.242,0.242
55,svd mmr,20,0.5974,0.0005982430416161253,0.5971378084268085,0.5976621915731916,0.22200000000000003,0.0,0.22200000000000003,0.22200000000000003
55,svd td,20,0.726,0.0,0.726,0.726,0.255,0.0,0.255,0.255
56,knni,20,0.778,0.0,0.778,0.778,0.24100000000000002,0.0,0.24100000000000002,0.24100000000000002
56,knni mmr,20,0.76075,0.0012926920095594865,0.7601834527473602,0.7613165472526399,0.153,0.0,0.153,0.153
56,knni td,20,0.713,0.0,0.713,0.713,0.23899999999999996,0.0,0.23899999999999996,0.23899999999999996
56,knnu,20,0.8379999999999999,0.0,0.8379999999999999,0.8379999999999999,0.23400000000000004,0.0,0.23400000000000004,0.23400000000000004
56,knnu mmr,20,0.7003999999999999,0.0008207826816681278,0.7000402761292909,0.700759723870709,0.154,0.0,0.154,0.154
56,knnu td,20,0.591,0.0,0.591,0.591,0.236,0.0,0.236,0.236
56,svd,20,0.8,0.0,0.8,0.8,0.242,0.0,0.242,0.242
56,svd mmr,20,0.595,0.0,0.595,0.595,0.22285,0.00036634754853252343,0.2226894411077058,0.22301055889229418
56,svd td,20,0.726,0.0,0.726,0.726,0.255,0.0,0.255,0.255
57,knni,20,0.778,0.0,0.778,0.778,0.24100000000000002,0.0,0.24100000000000002,0.24100000000000002
57,knni mmr,20,0.7614500000000001,0.002564432839727668,0.7603260877539407,0.7625739122460594,0.153,0.0,0.153,0.153
57,knni td,20,0.713,0.0,0.713,0.713,0.23899999999999996,0.0,0.23899999999999996,0.23899999999999996
57,knnu,20,0.8379999999999999,0.0,0.8379999999999999,0.8379999999999999,0.23400000000000004,0.0,0.23400000000000004,0.23400000000000004
57,knnu mmr,20,0.6986,0.0005026246899500397,0.6983797150171159,0.6988202849828841,0.15415,0.00036634754853252197,0.15398944110770582,0.1543105588922942
57,knnu td,20,0.591,0.0,0.591,0.591,0.236,0.0,0.236,0.236
57,svd,20,0.8,0.0,0.8,0.8,0.242,0.0,0.242,0.242
57,svd mmr,20,0.595,0.0,0.595,0.595,0.22395,0.00022360679774997803,0.22385200000000002,0.224048
57,svd td,20,0.726,0.0,0.726,0.726,0.255,0.0,0.255,0.255
58,knni,20,0.778,0.0,0.778,0.778,0.24100000000000002,0.0,0.24100000000000002,0.24100000000000002
58,knni mmr,20,0.7617499999999999,0.0011180339887499155,0.7612599999999999,0.7622399999999999,0.1537,0.0004701623459816268,0.15349394226664917,0.15390605773335084
58,knni td,20,0.713,0.0,0.713,0.713,0.23899999999999996,0.0,0.23899999999999996,0.23899999999999996
58,knnu,20,0.8379999999999999,0.0,0.8379999999999999,0.8379999999999999,0.23400000000000004,0.0,0.23400000000000004,0.23400000000000004
58,knnu mmr,20,0.67755,0.005862234170833166,0.674980762595223,0.680119237404777,0.155,0.0,0.155,0.155
58,knnu td,20,0.591,0.0,0.591,0.591,0.236,0.0,0.236,0.236
58,svd,20,0.8,0.0,0.8,0.8,0.242,0.0,0.242,0.242
58,svd mmr,20,0.594,0.0,0.594,0.594,0.22200000000000003,0.0,0.22200000000000003,0.22200000000000003
58,svd td,20,0.726,0.0,0.726,0.726,0.255,0.0,0.255,0.255
59,knni,20,0.778,0.0,0.778,0.778,0.24100000000000002,0.0,0.24100000000000002,0.24100000000000002
59,knni mmr,20,0.7719,0.00044721359549995687,0.7717040000000001,0.772096,0.153,0.0,0.153,0.153
59,knni td,20,0.713,0.0,0.713,0.713,0.23899999999999996,0.0,0.23899999999999996,0.23899999999999996
59,knnu,20,0.8379999999999999,0.0,0.8379999999999999,0.8379999999999999,0.23400000000000004,0.0,0.23400000000000004,0.23400000000000004
59,knnu mmr,20,0.6834,0.0026832815729997497,0.682224,0.684576,0.15495,0.0002236067977499753,0.15485200000000002,0.155048
59,knnu td,20,0.591,0.0,0.591,0.591,0.236,0.0,0.236,0.236
59,svd,20,0.8,0.0,0.8,0.8,0.242,0.0,0.242,0.242
59,svd mmr,20,0.595,0.0,0.595,0.595,0.22200000000000003,0.0,0.22200000000000003,0.22200000000000003
59,svd td,20,0.726,0.0,0.726,0.726,0.255,0.0,0.255,0.255
60,knni,20,0.778,0.0,0.778,0.778,0.24100000000000002,0.0,0.24100000000000002,0.24100000000000002
60,knni mmr,20,0.7635,0.002350811729908139,0.7624697113332458,0.7645302886667541,0.153,0.0,0.153,0.153
60,knni td,20,0.713,0.0,0.713,0.713,0.23899999999999996,0.0,0.23899999999999996,0.23899999999999996
60,knnu,20,0.8379999999999999,0.0,0.8379999999999999,0.8379999999999999,0.23400000000000004,0.0,0.23400000000000004,0.23400000000000004
60,knnu mmr,20,0.684,0.0,0.684,0.684,0.154,0.0,0.154,0.154
60,knnu td,20,0.591,0.0,0.591,0.591,0.236,0.0,0.236,0.236
60,svd,20,0.8,0.0,0.8,0.8,0.242,0.0,0.242,0.242
60,svd mmr,20,0.594,0.0,0.594,0.594,0.221,0.0,0.221,0.221
60,svd td,20,0.726,0.0,0.726,0.726,0.255,0.0,0.255,0.255
61,knni,20,0.778,0.0,0.778,0.778,0.24100000000000002,0.0,0.24100000000000002,0.24100000000000002
61,knni mmr,20,0.7492,0.0030017538732863298,0.7478844233603712,0.7505155766396288,0.153,0.0,0.153,0.153
61,knni td,20,0.713,0.0,0.713,0.713,0.23899999999999996,0.0,0.23899999999999996,0.23899999999999996
61,knnu,20,0.8379999999999999,0.0,0.8379999999999999,0.8379999999999999,0.23400000000000004,0.0,0.23400000000000004,0.23400000000000004
61,knnu mmr,20,0.6946999999999999,0.000732695097065037,0.6943788822154116,0.6950211177845882,0.15485,0.0003663475485325187,0.1546894411077058,0.15501055889229418
61,knnu td,20,0.591,0.0,0.591,0.591,0.236,0.0,0.236,0.236
61,svd,20,0.8,0.0,0.8,0.8,0.242,0.0,0.242,0.242
61,svd mmr,20,0.593,0.0,0.593,0.593,0.221,0.0,0.221,0.221
61,svd td,20,0.726,0.0,0.726,0.726,0.255,0.0,0.255,0.255
62,knni,20,0.778,0.0,0.778,0.778,0.24100000000000002,0.0,0.24100000000000002,0.24100000000000002
62,knni mmr,20,0.756,0.0,0.756,0.756,0.153,0.0,0.153,0.153
62,knni td,20,0.713,0.0,0.713,0.713,0.23899999999999996,0.0,0.23899999999999996,0.23899999999999996
62,knnu,20,0.8379999999999999,0.0,0.8379999999999999,0.8379999999999999,0.23400000000000004,0.0,0.23400000000000004,0.23400000000000004
62,knnu mmr,20,0.688,0.0,0.688,0.688,0.153,0.0,0.153,0.153
62,knnu td,20,0.591,0.0,0.591,0.591,0.236,0.0,0.236,0.236
62,svd,20,0.8,0.0,0.8,0.8,0.242,0.0,0.242,0.242
62,svd mmr,20,0.593,0.0,0.593,0.593,0.221,0.0,0.221,0.221
62,svd td,20,0.726,0.0,0.726,0.726,0.255,0.0,0.255,0.255
63,knni,20,0.778,0.0,0.778,0.778,0.24100000000000002,0.0,0.24100000000000002,0.24100000000000002
63,knni mmr,20,0.773,0.0,0.773,0.773,0.153,0.0,0.153,0.153
63,knni td,20,0.713,0.0,0.713,0.713,0.23899999999999996,0.0,0.23899999999999996,0.23899999999999996
63,knnu,20,0.8379999999999999,0.0,0.8379999999999999,0.8379999999999999,0.23400000000000004,0.0,0.23400000000000004,0.23400000000000004
63,knnu mmr,20,0.679,0.0,0.679,0.679,0.152,0.0,0.152,0.152
63,knnu td,20,0.591,0.0,0.591,0.591,0.236,0.0,0.236,0.236
63,svd,20,0.8,0.0,0.8,0.8,0.242,0.0,0.242,0.242
63,svd mmr,20,0.594,0.0,0.594,0.594,0.221,0.0,0.221,0.221
63,svd td,20,0.726,0.0,0.726,0.726,0.255,0.0,0.255,0.255
64,knni,20,0.778,0.0,0.778,0.778,0.24100000000000002,0.0,0.24100000000000002,0.24100000000000002
64,knni mmr,20,0.768,0.0,0.768,0.768,0.153,0.0,0.153,0.153
64,knni td,20,0.713,0.0,0.713,0.713,0.23899999999999996,0.0,0.23899999999999996,0.23899999999999996
64,knnu,20,0.8379999999999999,0.0,0.8379999999999999,0.8379999999999999,0.23400000000000004,0.0,0.23400000000000004,0.23400000000000004
64,knnu mmr,20,0.696,0.0,0.696,0.696,0.153,0.0,0.153,0.153
64,knnu td,20,0.591,0.0,0.591,0.591,0.236,0.0,0.236,0.236
64,svd,20,0.8,0.0,0.8,0.8,0.242,0.0,0.242,0.242
64,svd mmr,20,0.595,0.0,0.595,0.595,0.221,0.0,0.221,0.221
64,svd td,20,0.726,0.0,0.726,0.726,0.255,0.0,0.255,0.255
65,knni,20,0.778,0.0,0.778,0.778,0.24100000000000002,0.0,0.24100000000000002,0.24100000000000002
65,knni mmr,20,0.763,0.0,0.763,0.763,0.153,0.0,0.153,0.153
65,knni td,20,0.713,0.0,0.713,0.713,0.23899999999999996,0.0,0.23899999999999996,0.23899999999999996
65,knnu,20,0.8379999999999999,0.0,0.8379999999999999,0.8379999999999999,0.23400000000000004,0.0,0.23400000000000004,0.23400000000000004
65,knnu mmr,20,0.699,0.0,0.699,0.699,0.152,0.0,0.152,0.152
65,knnu td,20,0.591,0.0,0.591,0.591,0.236,0.0,0.236,0.236
65,svd,20,0.8,0.0,0.8,0.8,0.242,0.0,0.242,0.242
65,svd mmr,20,0.594,0.0,0.594,0.594,0.22200000000000003,0.0,0.22200000000000003,0.22200000000000003
65,svd td,20,0.726,0.0,0.726,0.726,0.255,0.0,0.255,0.255
66,knni,20,0.778,0.0,0.778,0.778,0.24100000000000002,0.0,0.24100000000000002,0.24100000000000002
66,knni mmr,20,0.762,0.0,0.762,0.762,0.153,0.0,0.153,0.153
66,knni td,20,0.713,0.0,0.713,0.713,0.23899999999999996,0.0,0.23899999999999996,0.23899999999999996
66,knnu,20,0.8379999999999999,0.0,0.8379999999999999,0.8379999999999999,0.23400000000000004,0.0,0.23400000000000004,0.23400000000000004
66,knnu mmr,20,0.691,0.0,0.691,0.691,0.153,0.0,0.153,0.153
66,knnu td,20,0.591,0.0,0.591,0.591,0.236,0.0,0.236,0.236
66,svd,20,0.8,0.0,0.8,0.8,0.242,0.0,0.242,0.242
66,svd mmr,20,0.593,0.0,0.593,0.593,0.22200000000000003,0.0,0.22200000000000003,0.22200000000000003
66,svd td,20,0.726,0.0,0.726,0.726,0.255,0.0,0.255,0.255
67,knni,20,0.778,0.0,0.778,0.778,0.24100000000000002,0.0,0.24100000000000002,0.24100000000000002
67,knni mmr,20,0.751,0.0,0.751,0.751,0.153,0.0,0.153,0.153
67,knni td,20,0.713,0.0,0.713,0.713,0.23899999999999996,0.0,0.23899999999999996,0.23899999999999996
67,knnu,20,0.8379999999999999,0.0,0.8379999999999999,0.8379999999999999,0.23400000000000004,0.0,0.23400000000000004,0.23400000000000004
67,knnu mmr,20,0.694,0.0,0.694,0.694,0.152,0.0,0.152,0.152
67,knnu td,20,0.591,0.0,0.591,0.591,0.236,0.0,0.236,0.236
67,svd,20,0.8,0.0,0.8,0.8,0.242,0.0,0.242,0.242
67,svd mmr,20,0.593,0.0,0.593,0.593,0.22200000000000003,0.0,0.22200000000000003,0.22200000000000003
67,svd td,20,0.726,0.0,0.726,0.726,0.255,0.0,0.255,0.255
68,knni,20,0.778,0.0,0.778,0.778,0.24100000000000002,0.0,0.24100000000000002,0.24100000000000002
68,knni mmr,20,0.762,0.0,0.762,0.762,0.153,0.0,0.153,0.153
68,knni td,20,0.713,0.0,0.713,0.713,0.23899999999999996,0.0,0.23899999999999996,0.23899999999999996
68,knnu,20,0.8379999999999999,0.0,0.8379999999999999,0.8379999999999999,0.23400000000000004,0.0,0.23400000000000004,0.23400000000000004
68,knnu mmr,20,0.698,0.0,0.698,0.698,0.152,0.0,0.152,0.152
68,knnu td,20,0.591,0.0,0.591,0.591,0.236,0.0,0.236,0.236
68,svd,20,0.8,0.0,0.8,0.8,0.242,0.0,0.242,0.242
68,svd mmr,20,0.594,0.0,0.594,0.594,0.22200000000000003,0.0,0.22200000000000003,0.22200000000000003
68,svd td,20,0.726,0.0,0.726,0.726,0.255,0.0,0.255,0.255
69,knni,20,0.778,0.0,0.778,0.778,0.24100000000000002,0.0,0.24100000000000002,0.24100000000000002
69,knni mmr,20,0.75,0.0,0.75,0.75,0.154,0.0,0.154,0.154
69,knni td,20,0.713,0.0,0.713,0.713,0.23899999999999996,0.0,0.23899999999999996,0.23899999999999996
69,knnu,20,0.8379999999999999,0.0,0.8379999999999999,0.8379999999999999,0.23400000000000004,0.0,0.23400000000000004,0.23400000000000004
69,knnu mmr,20,0.707,0.0,0.707,0.707,0.152,0.0,0.152,0.152
69,knnu td,20,0.591,0.0,0.591,0.591,0.236,0.0,0.236,0.236
69,svd,20,0.8,0.0,0.8,0.8,0.242,0.0,0.242,0.242
69,svd mmr,20,0.594,0.0,0.594,0.594,0.221,0.0,0.221,0.221
69,svd td,20,0.726,0.0,0.726,0.726,0.255,0.0,0.255,0.255
70,knni,20,0.778,0.0,0.778,0.778,0.24100000000000002,0.0,0.24100000000000002,0.24100000000000002
70,knni mmr,20,0.75,0.0,0.75,0.75,0.153,0.0,0.153,0.153
70,knni td,20,0.713,0.0,0.713,0.713,0.23899999999999996,0.0,0.23899999999999996,0.23899999999999996
70,knnu,20,0.8379999999999999,0.0,0.8379999999999999,0.8379999999999999,0.23400000000000004,0.0,0.23400000000000004,0.23400000000000004
70,knnu mmr,20,0.693,0.0,0.693,0.693,0.151,0.0,0.151,0.151
70,knnu td,20,0.591,0.0,0.591,0.591,0.236,0.0,0.236,0.236
70,svd,20,0.8,0.0,0.8,0.8,0.242,0.0,0.242,0.242
70,svd mmr,20,0.594,0.0,0.594,0.594,0.221,0.0,0.221,0.221
70,svd td,20,0.726,0.0,0.726,0.726,0.255,0.0,0.255,0.255
71,knni,20,0.778,0.0,0.778,0.778,0.24100000000000002,0.0,0.24100000000000002,0.24100000000000002
71,knni mmr,20,0.749,0.0,0.749,0.749,0.153,0.0,0.153,0.153
71,knni td,20,0.713,0.0,0.713,0.713,0.23899999999999996,0.0,0.23899999999999996,0.23899999999999996
71,knnu,20,0.8379999999999999,0.0,0.8379999999999999,0.8379999999999999,0.23400000000000004,0.0,0.23400000000000004,0.23400000000000004
71,knnu mmr,20,0.685,0.0,0.685,0.685,0.151,0.0,0.151,0.151
71,knnu td,20,0.591,0.0,0.591,0.591,0.236,0.0,0.236,0.236
71,svd,20,0.8,0.0,0.8,0.8,0.242,0.0,0.242,0.242
71,svd mmr,20,0.594,0.0,0.594,0.594,0.221,0.0,0.221,0.221
71,svd td,20,0.726,0.0,0.726,0.726,0.255,0.0,0.255,0.255
72,knni,20,0.778,0.0,0.778,0.778,0.24100000000000002,0.0,0.24100000000000002,0.24100000000000002
72,knni mmr,20,0.749,0.0,0.749,0.749,0.153,0.0,0.153,0.153
72,knni td,20,0.713,0.0,0.713,0.713,0.23899999999999996,0.0,0.23899999999999996,0.23899999999999996
72,knnu,20,0.8379999999999999,0.0,0.8379999999999999,0.8379999999999999,0.23400000000000004,0.0,0.23400000000000004,0.23400000000000004
72,knnu mmr,20,0.699,0.0,0.699,0.699,0.151,0.0,0.151,0.151
72,knnu td,20,0.591,0.0,0.591,0.591,0.236,0.0,0.236,0.236
72,svd,20,0.8,0.0,0.8,0.8,0.242,0.0,0.242,0.242
72,svd mmr,20,0.593,0.0,0.593,0.593,0.221,0.0,0.221,0.221
72,svd td,20,0.726,0.0,0.726,0.726,0.255,0.0,0.255,0.255
73,knni,20,0.778,0.0,0.778,0.778,0.24100000000000002,0.0,0.24100000000000002,0.24100000000000002
73,knni mmr,20,0.75,0.0,0.75,0.75,0.153,0.0,0.153,0.153
73,knni td,20,0.713,0.0,0.713,0.713,0.23899999999999996,0.0,0.23899999999999996,0.23899999999999996
73,knnu,20,0.8379999999999999,0.0,0.8379999999999999,0.8379999999999999,0.23400000000000004,0.0,0.23400000000000004,0.23400000000000004
73,knnu mmr,20,0.694,0.0,0.694,0.694,0.151,0.0,0.151,0.151
73,knnu td,20,0.591,0.0,0.591,0.591,0.236,0.0,0.236,0.236
73,svd,20,0.8,0.0,0.8,0.8,0.242,0.0,0.242,0.242
73,svd mmr,20,0.594,0.0,0.594,0.594,0.221,0.0,0.221,0.221
73,svd td,20,0.726,0.0,0.726,0.726,0.255,0.0,0.255,0.255
74,knni,20,0.778,0.0,0.778,0.778,0.24100000000000002,0.0,0.24100000000000002,0.24100000000000002
74,knni mmr,20,0.753,0.0,0.753,0.753,0.153,0.0,0.153,0.153
74,knni td,20,0.713,0.0,0.713,0.713,0.23899999999999996,0.0,0.23899999999999996,0.23899999999999996
74,knnu,20,0.8379999999999999,0.0,0.8379999999999999,0.8379999999999999,0.23400000000000004,0.0,0.23400000000000004,0.23400000000000004
74,knnu mmr,20,0.699,0.0,0.699,0.699,0.151,0.0,0.151,0.151
74,knnu td,20,0.591,0.0,0.591,0.591,0.236,0.0,0.236,0.236
74,svd,20,0.8,0.0,0.8,0.8,0.242,0.0,0.242,0.242
74,svd mmr,20,0.593,0.0,0.593,0.593,0.221,0.0,0.221,0.221
74,svd td,20,0.726,0.0,0.726,0.726,0.255,0.0,0.255,0.255
75,knni,20,0.778,0.0,0.778,0.778,0.24100000000000002,0.0,0.24100000000000002,0.24100000000000002
75,knni mmr,20,0.753,0.0,0.753,0.753,0.153,0.0,0.153,0.153
75,knni td,20,0.713,0.0,0.713,0.713,0.23899999999999996,0.0,0.23899999999999996,0.23899999999999996
75,knnu,20,0.8379999999999999,0.0,0.8379999999999999,0.8379999999999999,0.23400000000000004,0.0,0.23400000000000004,0.23400000000000004
75,knnu mmr,20,0.694,0.0,0.694,0.694,0.151,0.0,0.151,0.151
75,knnu td,20,0.591,0.0,0.591,0.591,0.236,0.0,0.236,0.236
75,svd,20,0.8,0.0,0.8,0.8,0.242,0.0,0.242,0.242
75,svd mmr,20,0.593,0.0,0.593,0.593,0.221,0.0,0.221,0.221
75,svd td,20,0.726,0.0,0.726,0.726,0.255,0.0,0.255,0.255
76,knni,20,0.778,0.0,0.778,0.778,0.24100000000000002,0.0,0.24100000000000002,0.24100000000000002
76,knni mmr,20,0.754,0.0,0.754,0.754,0.152,0.0,0.152,0.152
76,knni td,20,0.713,0.0,0.713,0.713,0.23899999999999996,0.0,0.23899999999999996,0.23899999999999996
76,knnu,20,0.8379999999999999,0.0,0.8379999999999999,0.8379999999999999,0.23400000000000004,0.0,0.23400000000000004,0.23400000000000004
76,knnu mmr,20,0.694,0.0,0.694,0.694,0.151,0.0,0.151,0.151
76,knnu td,20,0.591,0.0,0.591,0.591,0.236,0.0,0.236,0.236
76,svd,20,0.8,0.0,0.8,0.8,0.242,0.0,0.242,0.242
76,svd mmr,20,0.593,0.0,0.593,0.593,0.221,0.0,0.221,0.221
76,svd td,20,0.726,0.0,0.726,0.726,0.255,0.0,0.255,0.255
77,knni,20,0.778,0.0,0.778,0.778,0.24100000000000002,0.0,0.24100000000000002,0.24100000000000002
77,knni mmr,20,0.749,0.0,0.749,0.749,0.152,0.0,0.152,0.152
77,knni td,20,0.713,0.0,0.713,0.713,0.23899999999999996,0.0,0.23899999999999996,0.23899999999999996
77,knnu,20,0.8379999999999999,0.0,0.8379999999999999,0.8379999999999999,0.23400000000000004,0.0,0.23400000000000004,0.23400000000000004
77,knnu mmr,20,0.694,0.0,0.694,0.694,0.151,0.0,0.151,0.151
77,knnu td,20,0.591,0.0,0.591,0.591,0.236,0.0,0.236,0.236
77,svd,20,0.8,0.0,0.8,0.8,0.242,0.0,0.242,0.242
77,svd mmr,20,0.593,0.0,0.593,0.593,0.22000000000000003,0.0,0.22000000000000003,0.22000000000000003
77,svd td,20,0.726,0.0,0.726,0.726,0.255,0.0,0.255,0.255
78,knni,20,0.778,0.0,0.778,0.778,0.24100000000000002,0.0,0.24100000000000002,0.24100000000000002
78,knni mmr,20,0.756,0.0,0.756,0.756,0.152,0.0,0.152,0.152
78,knni td,20,0.713,0.0,0.713,0.713,0.23899999999999996,0.0,0.23899999999999996,0.23899999999999996
78,knnu,20,0.8379999999999999,0.0,0.8379999999999999,0.8379999999999999,0.23400000000000004,0.0,0.23400000000000004,0.23400000000000004
78,knnu mmr,20,0.694,0.0,0.694,0.694,0.15,0.0,0.15,0.15
78,knnu td,20,0.591,0.0,0.591,0.591,0.236,0.0,0.236,0.236
78,svd,20,0.8,0.0,0.8,0.8,0.242,0.0,0.242,0.242
78,svd mmr,20,0.594,0.0,0.594,0.594,0.221,0.0,0.221,0.221
78,svd td,20,0.726,0.0,0.726,0.726,0.255,0.0,0.255,0.255
79,knni,20,0.778,0.0,0.778,0.778,0.24100000000000002,0.0,0.24100000000000002,0.24100000000000002
79,knni mmr,20,0.752,0.0,0.752,0.752,0.152,0.0,0.152,0.152
79,knni td,20,0.713,0.0,0.713,0.713,0.23899999999999996,0.0,0.23899999999999996,0.23899999999999996
79,knnu,20,0.8379999999999999,0.0,0.8379999999999999,0.8379999999999999,0.23400000000000004,0.0,0.23400000000000004,0.23400000000000004
79,knnu mmr,20,0.701,0.0,0.701,0.701,0.151,0.0,0.151,0.151
79,knnu td,20,0.591,0.0,0.591,0.591,0.236,0.0,0.236,0.236
79,svd,20,0.8,0.0,0.8,0.8,0.242,0.0,0.242,0.242
79,svd mmr,20,0.594,0.0,0.594,0.594,0.221,0.0,0.221,0.221
79,svd td,20,0.726,0.0,0.726,0.726,0.255,0.0,0.255,0.255
80,knni,20,0.778,0.0,0.778,0.778,0.24100000000000002,0.0,0.24100000000000002,0.24100000000000002
80,knni mmr,20,0.756,0.0,0.756,0.756,0.152,0.0,0.152,0.152
80,knni td,20,0.713,0.0,0.713,0.713,0.23899999999999996,0.0,0.23899999999999996,0.23899999999999996
80,knnu,20,0.8379999999999999,0.0,0.8379999999999999,0.8379999999999999,0.23400000000000004,0.0,0.23400000000000004,0.23400000000000004
80,knnu mmr,20,0.701,0.0,0.701,0.701,0.151,0.0,0.151,0.151
80,knnu td,20,0.591,0.0,0.591,0.591,0.236,0.0,0.236,0.236
80,svd,20,0.8,0.0,0.8,0.8,0.242,0.0,0.242,0.242
80,svd mmr,20,0.594,0.0,0.594,0.594,0.221,0.0,0.221,0.221
80,svd td,20,0.726,0.0,0.726,0.726,0.255,0.0,0.255,0.255
81,knni,20,0.778,0.0,0.778,0.778,0.24100000000000002,0.0,0.24100000000000002,0.24100000000000002
81,knni mmr,20,0.756,0.0,0.756,0.756,0.152,0.0,0.152,0.152
81,knni td,20,0.713,0.0,0.713,0.713,0.23899999999999996,0.0,0.23899999999999996,0.23899999999999996
81,knnu,20,0.8379999999999999,0.0,0.8379999999999999,0.8379999999999999,0.23400000000000004,0.0,0.23400000000000004,0.23400000000000004
81,knnu mmr,20,0.701,0.0,0.701,0.701,0.151,0.0,0.151,0.151
81,knnu td,20,0.591,0.0,0.591,0.591,0.236,0.0,0.236,0.236
81,svd,20,0.8,0.0,0.8,0.8,0.242,0.0,0.242,0.242
81,svd mmr,20,0.594,0.0,0.594,0.594,0.221,0.0,0.221,0.221
81,svd td,20,0.726,0.0,0.726,0.726,0.255,0.0,0.255,0.255
82,knni,20,0.778,0.0,0.778,0.778,0.24100000000000002,0.0,0.24100000000000002,0.24100000000000002
82,knni mmr,20,0.756,0.0,0.756,0.756,0.152,0.0,0.152,0.152
82,knni td,20,0.713,0.0,0.713,0.713,0.23899999999999996,0.0,0.23899999999999996,0.23899999999999996
82,knnu,20,0.8379999999999999,0.0,0.8379999999999999,0.8379999999999999,0.23400000000000004,0.0,0.23400000000000004,0.23400000000000004
82,knnu mmr,20,0.701,0.0,0.701,0.701,0.151,0.0,0.151,0.151
82,knnu td,20,0.591,0.0,0.591,0.591,0.236,0.0,0.236,0.236
82,svd,20,0.8,0.0,0.8,0.8,0.242,0.0,0.242,0.242
82,svd mmr,20,0.594,0.0,0.594,0.594,0.221,0.0,0.221,0.221
82,svd td,20,0.726,0.0,0.726,0.726,0.255,0.0,0.255,0.255
83,knni,20,0.778,0.0,0.778,0.778,0.24100000000000002,0.0,0.24100000000000002,0.24100000000000002
83,knni mmr,20,0.756,0.0,0.756,0.756,0.152,0.0,0.152,0.152
83,knni td,20,0.713,0.0,0.713,0.713,0.23899999999999996,0.0,0.23899999999999996,0.23899999999999996
83,knnu,20,0.8379999999999999,0.0,0.8379999999999999,0.8379999999999999,0.23400000000000004,0.0,0.23400000000000004,0.23400000000000004
83,knnu mmr,20,0.701,0.0,0.701,0.701,0.151,0.0,0.151,0.151
83,knnu td,20,0.591,0.0,0.591,0.591,0.236,0.0,0.236,0.236
83,svd,20,0.8,0.0,0.8,0.8,0.242,0.0,0.242,0.242
83,svd mmr,20,0.594,0.0,0.594,0.594,0.221,0.0,0.221,0.221
83,svd td,20,0.726,0.0,0.726,0.726,0.255,0.0,0.255,0.255
