id	click_when	user_id
14	2019-05-07 17:18:51.974213+00:00	13
15	2019-05-07 17:18:52.848310+00:00	8
16	2019-05-07 17:18:57.010417+00:00	9
17	2019-05-07 17:19:02.260181+00:00	11
18	2019-05-07 17:19:10.160590+00:00	14
19	2019-05-07 17:19:15.689373+00:00	14
20	2019-05-07 17:19:32.197283+00:00	8
21	2019-05-07 17:19:37.251903+00:00	13
22	2019-05-07 17:19:44.185742+00:00	10
23	2019-05-07 17:19:44.479699+00:00	9
24	2019-05-07 17:19:45.845848+00:00	16
25	2019-05-07 17:19:53.398180+00:00	11
26	2019-05-07 17:20:06.586222+00:00	16
27	2019-05-07 17:20:10.404272+00:00	13
28	2019-05-07 17:20:24.515093+00:00	9
29	2019-05-07 17:20:50.091688+00:00	9
30	2019-05-07 17:20:53.558262+00:00	11
31	2019-05-07 17:21:02.162562+00:00	14
32	2019-05-07 17:21:08.629504+00:00	10
33	2019-05-07 17:21:14.092878+00:00	8
34	2019-05-07 17:21:24.877341+00:00	13
35	2019-05-07 17:21:25.428284+00:00	9
36	2019-05-07 17:21:46.924542+00:00	10
37	2019-05-07 17:21:51.042428+00:00	9
38	2019-05-07 17:21:55.335258+00:00	11
39	2019-05-07 17:22:14.559451+00:00	9
40	2019-05-07 17:22:31.246051+00:00	10
41	2019-05-07 17:22:49.737569+00:00	13
42	2019-05-07 17:22:51.922029+00:00	11
43	2019-05-07 17:23:23.990081+00:00	9
44	2019-05-07 17:23:45.941880+00:00	11
45	2019-05-07 17:23:49.675392+00:00	13
46	2019-05-07 17:23:56.117706+00:00	14
47	2019-05-07 17:24:07.559724+00:00	9
48	2019-05-07 17:24:08.804687+00:00	14
49	2019-05-07 17:24:08.979380+00:00	11
50	2019-05-07 17:24:16.057429+00:00	8
51	2019-05-07 17:24:28.579439+00:00	14
52	2019-05-07 17:24:43.989235+00:00	14
53	2019-05-07 17:24:46.969947+00:00	8
54	2019-05-07 17:24:51.560409+00:00	9
55	2019-05-07 17:25:06.442097+00:00	10
56	2019-05-07 17:25:15.427349+00:00	8
57	2019-05-07 17:25:16.275410+00:00	13
58	2019-05-07 17:25:26.865971+00:00	9
59	2019-05-07 17:25:30.846509+00:00	11
60	2019-05-07 17:26:00.538633+00:00	9
61	2019-05-07 17:26:00.590885+00:00	10
62	2019-05-07 17:26:06.222372+00:00	11
63	2019-05-07 17:26:20.555684+00:00	9
64	2019-05-07 17:26:28.957900+00:00	10
65	2019-05-07 17:26:33.309963+00:00	8
66	2019-05-07 17:26:44.615649+00:00	14
67	2019-05-07 17:26:51.043709+00:00	8
68	2019-05-07 17:27:02.523367+00:00	13
69	2019-05-07 17:27:03.599001+00:00	11
70	2019-05-07 17:27:05.485554+00:00	14
71	2019-05-07 17:27:13.166228+00:00	9
72	2019-05-07 17:27:15.998712+00:00	10
73	2019-05-07 17:27:27.717718+00:00	9
74	2019-05-07 17:27:29.107767+00:00	8
75	2019-05-07 17:27:39.893209+00:00	9
76	2019-05-07 17:27:51.919229+00:00	16
77	2019-05-07 17:27:55.383224+00:00	9
78	2019-05-07 17:28:08.960175+00:00	9
79	2019-05-07 17:28:22.592378+00:00	13
80	2019-05-07 17:28:25.319125+00:00	9
81	2019-05-07 17:28:26.493072+00:00	10
82	2019-05-07 17:28:31.443261+00:00	14
83	2019-05-07 17:28:57.215572+00:00	11
84	2019-05-07 17:29:18.662319+00:00	8
85	2019-05-07 17:29:34.552048+00:00	16
86	2019-05-07 17:29:38.600733+00:00	9
87	2019-05-07 17:29:47.055949+00:00	8
88	2019-05-07 17:29:58.259661+00:00	11
89	2019-05-07 17:29:58.438402+00:00	9
90	2019-05-07 17:30:13.043522+00:00	9
91	2019-05-07 17:30:18.190336+00:00	13
92	2019-05-07 17:30:22.214510+00:00	16
93	2019-05-07 17:30:50.355926+00:00	13
94	2019-05-07 17:30:52.370009+00:00	9
95	2019-05-07 17:30:53.115709+00:00	10
96	2019-05-07 17:30:53.476813+00:00	8
97	2019-05-07 17:31:07.454895+00:00	14
98	2019-05-07 17:31:09.769888+00:00	10
99	2019-05-07 17:31:13.673520+00:00	16
100	2019-05-07 17:31:17.931366+00:00	9
101	2019-05-07 17:31:36.066687+00:00	9
102	2019-05-07 17:31:53.833580+00:00	8
103	2019-05-07 17:31:55.242571+00:00	10
104	2019-05-07 17:32:05.251521+00:00	9
105	2019-05-07 17:32:05.304212+00:00	13
106	2019-05-07 17:32:09.597350+00:00	14
107	2019-05-07 17:32:20.883960+00:00	10
108	2019-05-07 17:32:23.311900+00:00	11
109	2019-05-07 17:32:37.967246+00:00	13
110	2019-05-07 17:32:38.974876+00:00	16
111	2019-05-07 17:32:41.537305+00:00	14
112	2019-05-07 17:32:48.125801+00:00	9
113	2019-05-07 17:33:02.794661+00:00	14
114	2019-05-07 17:33:06.810819+00:00	10
115	2019-05-07 17:33:12.920545+00:00	16
116	2019-05-07 17:33:22.832715+00:00	8
117	2019-05-07 17:33:23.854238+00:00	14
118	2019-05-07 17:33:39.276150+00:00	8
119	2019-05-07 17:34:02.461037+00:00	8
120	2019-05-07 17:34:11.119276+00:00	14
121	2019-05-07 17:34:23.888482+00:00	13
122	2019-05-07 17:34:42.577084+00:00	14
123	2019-05-07 17:35:04.318500+00:00	8
124	2019-05-07 17:35:17.671674+00:00	10
125	2019-05-07 17:35:18.988883+00:00	14
126	2019-05-07 17:35:35.580506+00:00	11
127	2019-05-07 17:36:00.259779+00:00	14
128	2019-05-07 17:36:12.965022+00:00	13
129	2019-05-07 17:36:14.728656+00:00	8
130	2019-05-07 17:36:31.388151+00:00	10
131	2019-05-07 17:36:31.585984+00:00	13
132	2019-05-07 17:36:32.529804+00:00	8
133	2019-05-07 17:36:52.537327+00:00	16
134	2019-05-07 17:37:07.556371+00:00	13
135	2019-05-07 17:37:38.804867+00:00	9
136	2019-05-07 17:37:41.699712+00:00	16
137	2019-05-07 17:37:51.572846+00:00	8
138	2019-05-07 17:38:04.016168+00:00	14
139	2019-05-07 17:38:04.798052+00:00	8
140	2019-05-07 17:38:07.577573+00:00	10
141	2019-05-07 17:38:10.446768+00:00	14
142	2019-05-07 17:38:11.925863+00:00	8
144	2019-05-07 17:38:16.921320+00:00	14
145	2019-05-07 17:38:24.007557+00:00	14
146	2019-05-07 17:38:26.117782+00:00	8
147	2019-05-07 17:38:39.221966+00:00	9
149	2019-05-07 17:39:30.434511+00:00	12
151	2019-05-07 17:39:39.443963+00:00	11
152	2019-05-07 17:39:59.978931+00:00	13
153	2019-05-07 17:40:19.086546+00:00	8
154	2019-05-07 17:40:19.894002+00:00	10
155	2019-05-07 17:40:37.082352+00:00	16
156	2019-05-07 17:40:42.665863+00:00	13
157	2019-05-07 17:41:07.063820+00:00	14
158	2019-05-07 17:41:11.187850+00:00	17
159	2019-05-07 17:41:14.292759+00:00	16
160	2019-05-07 17:41:30.093869+00:00	9
161	2019-05-07 17:41:44.273168+00:00	8
162	2019-05-07 17:41:51.548392+00:00	10
163	2019-05-07 17:41:52.522537+00:00	16
164	2019-05-07 17:41:54.963721+00:00	13
165	2019-05-07 17:42:11.352532+00:00	14
166	2019-05-07 17:42:12.746726+00:00	11
167	2019-05-07 17:42:28.828861+00:00	13
168	2019-05-07 17:42:36.195203+00:00	16
169	2019-05-07 17:42:48.064915+00:00	11
170	2019-05-07 17:43:06.849096+00:00	14
171	2019-05-07 17:43:22.781511+00:00	10
172	2019-05-07 17:43:25.318782+00:00	13
173	2019-05-07 17:43:32.472586+00:00	14
174	2019-05-07 17:43:48.096751+00:00	14
175	2019-05-07 17:44:09.378214+00:00	8
176	2019-05-07 17:44:09.549387+00:00	14
177	2019-05-07 17:44:18.011885+00:00	8
178	2019-05-07 17:44:23.493762+00:00	16
179	2019-05-07 17:44:28.690655+00:00	10
180	2019-05-07 17:44:41.787651+00:00	8
181	2019-05-07 17:44:44.871864+00:00	16
182	2019-05-07 17:45:07.014944+00:00	8
183	2019-05-07 17:45:46.124964+00:00	8
184	2019-05-07 17:45:46.473887+00:00	16
185	2019-05-07 17:45:50.436573+00:00	10
186	2019-05-07 17:46:27.687531+00:00	8
187	2019-05-07 17:46:36.898545+00:00	11
188	2019-05-07 17:46:52.685239+00:00	9
189	2019-05-07 17:46:56.136271+00:00	8
190	2019-05-07 17:47:00.345518+00:00	9
191	2019-05-07 17:47:03.914409+00:00	13
192	2019-05-07 17:47:22.909039+00:00	16
193	2019-05-07 17:47:36.843200+00:00	14
194	2019-05-07 17:47:46.574828+00:00	8
195	2019-05-07 17:47:58.111241+00:00	10
196	2019-05-07 17:47:58.948852+00:00	12
197	2019-05-07 17:48:42.717678+00:00	8
198	2019-05-07 17:48:58.248160+00:00	16
199	2019-05-07 17:49:14.267182+00:00	13
200	2019-05-07 17:49:33.648719+00:00	16
201	2019-05-07 17:50:40.304828+00:00	14
202	2019-05-07 18:00:47.643426+00:00	16
203	2019-05-07 18:01:34.554777+00:00	13
206	2019-05-16 17:20:33.842325+00:00	19
207	2019-05-16 17:20:57.281685+00:00	18
208	2019-05-16 17:32:26.644839+00:00	19
209	2019-05-16 17:35:11.507722+00:00	21
210	2019-05-16 17:35:56.452395+00:00	18
211	2019-05-16 17:35:58.947270+00:00	21
212	2019-05-16 17:36:21.977009+00:00	21
215	2019-05-16 17:37:18.415114+00:00	21
216	2019-05-16 17:37:21.824443+00:00	12
219	2019-05-16 17:38:33.539315+00:00	21
221	2019-05-16 17:38:57.026640+00:00	12
224	2019-05-16 17:39:10.980727+00:00	12
227	2019-05-16 17:39:16.575972+00:00	23
229	2019-05-16 17:39:24.682538+00:00	12
230	2019-05-16 17:39:24.858749+00:00	21
231	2019-05-16 17:39:27.069205+00:00	23
232	2019-05-16 17:39:29.851706+00:00	12
233	2019-05-16 17:39:36.563503+00:00	23
234	2019-05-16 17:39:39.982905+00:00	12
236	2019-05-16 17:40:33.047216+00:00	21
238	2019-05-16 17:40:48.909659+00:00	18
239	2019-05-16 17:40:49.794944+00:00	21
241	2019-05-16 17:41:04.812164+00:00	21
242	2019-05-16 17:41:17.865504+00:00	21
243	2019-05-16 17:41:35.521841+00:00	21
246	2019-05-16 17:41:59.628647+00:00	21
258	2019-05-16 17:50:10.026690+00:00	12
268	2019-05-21 10:20:08.141850+00:00	24
275	2019-05-25 23:10:59.911788+00:00	12
276	2019-05-25 23:14:28.122038+00:00	12
277	2019-05-25 23:15:21.309863+00:00	12
278	2019-05-25 23:17:38.080477+00:00	12
279	2019-05-25 23:17:47.914659+00:00	12
280	2019-05-25 23:18:54.641620+00:00	12
281	2019-05-25 23:19:23.572094+00:00	12
282	2019-05-25 23:19:47.084111+00:00	12
283	2019-05-25 23:19:53.148688+00:00	12
291	2019-05-27 02:26:05.310487+00:00	12
304	2019-05-27 14:16:29.973903+00:00	29
305	2019-05-27 14:18:21.756409+00:00	11
306	2019-05-27 14:18:44.607373+00:00	13
307	2019-05-27 14:20:09.024135+00:00	11
308	2019-05-27 14:22:30.809718+00:00	11
309	2019-05-27 14:30:54.547914+00:00	31
311	2019-05-29 13:15:33.892827+00:00	34
312	2019-05-29 13:17:47.385766+00:00	36
313	2019-05-29 13:18:03.598085+00:00	36
314	2019-05-29 13:18:11.199221+00:00	36
315	2019-05-29 13:18:22.304311+00:00	36
316	2019-05-29 13:18:33.728573+00:00	36
317	2019-05-29 13:18:44.608801+00:00	36
318	2019-05-29 13:18:57.935854+00:00	36
319	2019-05-29 13:19:06.408057+00:00	36
320	2019-05-29 13:19:21.664236+00:00	36
321	2019-05-29 13:19:33.088199+00:00	36
322	2019-05-29 13:19:37.149485+00:00	36
323	2019-05-29 13:19:41.545694+00:00	36
324	2019-05-29 13:19:48.296587+00:00	36
325	2019-05-29 13:19:59.166565+00:00	36
326	2019-05-29 13:20:05.537088+00:00	36
327	2019-05-29 13:20:11.113542+00:00	36
328	2019-05-29 13:20:14.360091+00:00	36
329	2019-05-29 13:20:19.670901+00:00	36
330	2019-05-29 13:20:27.061928+00:00	36
331	2019-05-29 13:28:49.402962+00:00	37
332	2019-05-29 13:30:14.631681+00:00	37
333	2019-05-29 13:31:02.420919+00:00	37
334	2019-05-29 13:32:01.827341+00:00	37
335	2019-05-29 13:32:16.554706+00:00	37
336	2019-05-29 13:36:33.095703+00:00	39
337	2019-05-29 13:38:21.375654+00:00	39
338	2019-05-29 13:39:20.213792+00:00	39
339	2019-05-29 13:41:00.358475+00:00	39
340	2019-05-29 13:41:39.129698+00:00	41
341	2019-05-29 13:42:19.615953+00:00	41
342	2019-05-29 13:43:49.497238+00:00	41
343	2019-05-29 13:44:48.227470+00:00	41
344	2019-05-29 13:59:19.777059+00:00	42
345	2019-05-29 14:01:27.707286+00:00	42
346	2019-05-29 14:01:49.668775+00:00	43
347	2019-05-29 14:03:17.136238+00:00	43
348	2019-05-29 14:03:37.627655+00:00	43
349	2019-05-29 14:03:44.619913+00:00	42
350	2019-05-29 14:04:24.616175+00:00	43
351	2019-05-29 14:05:27.643115+00:00	43
352	2019-05-29 14:06:22.702844+00:00	44
353	2019-05-29 14:06:47.292699+00:00	42
354	2019-05-29 14:07:09.497592+00:00	42
355	2019-05-29 14:07:18.119860+00:00	44
356	2019-05-29 14:08:02.717137+00:00	44
357	2019-05-29 14:08:51.513317+00:00	44
358	2019-05-29 14:09:03.978477+00:00	44
359	2019-05-29 14:09:34.435021+00:00	42
360	2019-05-29 14:09:47.484814+00:00	42
361	2019-05-29 14:10:25.887022+00:00	44
362	2019-05-29 14:10:30.608084+00:00	42
363	2019-05-29 14:10:50.567483+00:00	44
364	2019-05-29 14:11:06.553787+00:00	44
365	2019-05-29 14:11:11.911363+00:00	42
366	2019-05-29 14:11:22.260114+00:00	44
367	2019-05-29 14:11:31.526520+00:00	44
368	2019-05-29 14:11:48.014941+00:00	42
369	2019-05-29 14:11:57.588718+00:00	44
370	2019-05-29 14:12:14.023508+00:00	44
371	2019-05-29 14:18:36.425143+00:00	45
372	2019-05-29 14:18:55.305927+00:00	45
373	2019-05-29 14:22:11.494743+00:00	46
374	2019-05-29 14:22:43.501954+00:00	46
375	2019-05-29 14:23:21.790345+00:00	46
376	2019-05-29 14:23:41.527789+00:00	46
377	2019-05-29 14:23:55.822795+00:00	46
378	2019-05-29 14:24:09.889476+00:00	46
379	2019-05-29 14:25:50.696087+00:00	46
380	2019-05-29 14:26:11.536638+00:00	46
381	2019-05-29 14:30:30.781866+00:00	47
382	2019-05-29 14:35:42.106797+00:00	48
383	2019-05-29 14:37:02.103676+00:00	48
384	2019-05-29 14:39:25.542520+00:00	48
385	2019-05-29 14:40:15.401561+00:00	48
386	2019-05-29 14:41:34.382079+00:00	48
387	2019-05-29 14:41:53.186671+00:00	47
388	2019-05-29 14:43:18.178462+00:00	48
389	2019-05-29 14:44:36.222444+00:00	48
390	2019-05-29 14:45:50.546820+00:00	48
391	2019-05-29 14:46:11.219729+00:00	48
392	2019-05-29 15:09:45.919810+00:00	50
393	2019-05-29 15:12:46.181559+00:00	51
394	2019-05-29 15:13:09.479816+00:00	51
395	2019-05-29 15:13:32.173811+00:00	51
396	2019-05-29 15:13:46.888204+00:00	51
397	2019-05-29 15:15:16.093076+00:00	51
398	2019-05-29 15:16:44.030121+00:00	51
399	2019-05-29 15:21:22.692754+00:00	51
400	2019-05-29 15:23:48.056101+00:00	52
401	2019-05-29 15:24:06.069785+00:00	52
402	2019-05-29 15:29:27.060196+00:00	52
403	2019-05-29 15:34:49.691421+00:00	53
404	2019-05-29 15:57:12.933619+00:00	54
405	2019-05-29 15:58:10.965839+00:00	54
406	2019-05-29 15:58:44.498113+00:00	55
407	2019-05-29 16:03:32.452986+00:00	55
408	2019-05-29 16:03:50.308423+00:00	55
409	2019-05-29 16:09:19.289558+00:00	56
410	2019-05-29 16:10:11.661444+00:00	56
411	2019-05-29 16:10:42.004611+00:00	56
412	2019-05-29 16:10:59.373784+00:00	56
413	2019-05-29 16:12:03.989404+00:00	57
414	2019-05-29 16:12:04.060275+00:00	56
415	2019-05-29 16:12:30.461972+00:00	56
416	2019-05-29 16:13:27.086115+00:00	56
417	2019-05-29 16:13:44.191561+00:00	56
418	2019-05-29 16:15:38.711498+00:00	56
421	2019-05-29 16:16:50.859535+00:00	56
422	2019-05-29 16:17:05.419354+00:00	56
424	2019-05-29 16:18:56.608383+00:00	57
425	2019-05-29 16:19:10.923411+00:00	56
426	2019-05-29 16:19:33.410599+00:00	56
427	2019-05-29 16:20:01.883664+00:00	56
428	2019-05-29 16:20:12.661915+00:00	56
429	2019-05-29 16:20:44.830600+00:00	56
430	2019-05-29 16:20:58.664270+00:00	56
431	2019-05-29 16:21:35.075884+00:00	56
432	2019-05-29 16:22:10.935825+00:00	56
433	2019-05-29 16:22:44.231144+00:00	39
434	2019-05-29 16:22:55.350951+00:00	39
435	2019-05-29 16:23:27.552977+00:00	56
436	2019-05-29 16:26:31.699235+00:00	56
437	2019-05-29 16:27:23.575910+00:00	56
438	2019-05-29 16:28:12.868448+00:00	56
439	2019-05-29 16:35:14.134063+00:00	56
440	2019-05-29 16:52:48.219912+00:00	60
441	2019-05-29 16:53:14.766985+00:00	60
442	2019-05-29 16:53:55.668003+00:00	60
443	2019-05-29 16:56:55.441339+00:00	61
444	2019-05-29 17:23:53.513030+00:00	63
445	2019-05-29 17:25:11.248433+00:00	62
446	2019-05-29 17:25:16.055573+00:00	63
447	2019-05-29 17:25:43.329990+00:00	62
448	2019-05-29 17:26:41.317000+00:00	62
449	2019-05-29 17:27:19.890987+00:00	63
450	2019-05-29 17:27:29.648983+00:00	62
451	2019-05-29 17:36:07.019609+00:00	64
452	2019-05-29 17:38:34.371592+00:00	64
453	2019-05-29 17:38:58.446330+00:00	64
454	2019-05-29 17:39:06.945743+00:00	64
455	2019-05-29 17:39:22.687104+00:00	64
456	2019-05-29 17:39:31.467227+00:00	64
457	2019-05-29 17:41:36.521051+00:00	65
458	2019-05-29 17:43:05.224241+00:00	64
459	2019-05-29 17:44:54.066831+00:00	64
460	2019-05-29 17:45:34.796187+00:00	64
461	2019-05-29 17:47:51.903576+00:00	64
462	2019-05-29 17:48:46.222870+00:00	64
463	2019-05-29 17:52:27.450956+00:00	64
464	2019-05-29 18:03:55.508787+00:00	66
465	2019-05-29 18:53:53.345759+00:00	67
466	2019-05-29 18:54:06.139225+00:00	67
467	2019-05-29 18:54:27.050319+00:00	67
468	2019-05-29 18:54:36.648954+00:00	67
469	2019-05-29 18:54:42.419569+00:00	67
470	2019-05-29 18:55:06.474351+00:00	67
471	2019-05-29 18:55:19.865630+00:00	67
472	2019-05-29 18:55:22.792106+00:00	67
473	2019-05-29 18:55:33.304604+00:00	67
474	2019-05-29 18:55:49.306523+00:00	67
475	2019-05-29 18:57:02.830472+00:00	67
476	2019-05-29 18:57:24.153533+00:00	67
477	2019-05-29 19:01:06.234291+00:00	67
478	2019-05-29 19:01:55.296649+00:00	67
479	2019-05-29 19:02:24.909858+00:00	67
480	2019-05-29 19:03:28.080867+00:00	67
481	2019-05-29 19:03:41.171390+00:00	67
482	2019-05-29 19:04:42.653077+00:00	67
483	2019-05-29 19:15:34.290469+00:00	68
484	2019-05-29 19:16:13.036800+00:00	68
485	2019-05-29 19:16:41.696153+00:00	68
486	2019-05-29 19:16:59.807834+00:00	68
487	2019-05-29 19:17:28.862391+00:00	68
488	2019-05-29 19:17:53.018407+00:00	68
489	2019-05-29 19:18:01.715395+00:00	68
490	2019-05-29 19:18:23.104185+00:00	68
491	2019-05-29 19:18:36.215042+00:00	68
492	2019-05-29 19:18:43.187677+00:00	68
493	2019-05-29 19:19:41.591232+00:00	68
494	2019-05-29 19:20:34.607739+00:00	68
495	2019-05-29 19:20:42.466785+00:00	69
496	2019-05-29 19:21:03.066079+00:00	68
497	2019-05-29 19:21:32.032779+00:00	69
498	2019-05-29 19:22:11.104936+00:00	69
499	2019-05-29 19:22:24.165754+00:00	69
500	2019-05-29 19:22:47.041611+00:00	69
501	2019-05-29 19:22:54.298054+00:00	69
502	2019-05-29 19:30:50.407747+00:00	70
503	2019-05-29 19:31:04.856789+00:00	70
504	2019-05-29 19:31:20.752236+00:00	70
505	2019-05-29 19:32:02.237017+00:00	70
506	2019-05-29 19:33:58.066097+00:00	70
507	2019-05-29 19:34:59.271211+00:00	70
508	2019-05-29 19:35:55.734281+00:00	70
509	2019-05-29 21:38:47.700630+00:00	71
510	2019-05-29 21:40:58.673989+00:00	71
511	2019-05-29 21:42:27.457190+00:00	71
512	2019-05-30 00:12:41.165840+00:00	72
513	2019-05-30 00:15:22.905663+00:00	72
514	2019-05-30 00:16:40.183677+00:00	72
515	2019-05-30 00:20:56.227336+00:00	72
516	2019-05-30 00:21:51.329965+00:00	72
517	2019-05-30 00:24:25.100321+00:00	72
518	2019-05-30 00:25:10.493900+00:00	72
519	2019-05-30 00:25:42.914523+00:00	72
520	2019-05-30 00:27:30.874472+00:00	72
521	2019-05-30 00:28:43.482397+00:00	72
522	2019-05-30 00:29:09.512604+00:00	72
523	2019-05-30 00:30:17.751295+00:00	72
524	2019-05-30 00:33:00.140122+00:00	72
525	2019-05-30 00:34:49.967729+00:00	72
526	2019-05-30 00:37:32.709399+00:00	72
527	2019-05-30 00:38:34.171883+00:00	72
528	2019-05-30 00:39:58.483148+00:00	72
529	2019-05-30 00:41:16.828386+00:00	72
530	2019-05-30 00:42:31.692891+00:00	72
531	2019-05-30 02:01:24.949472+00:00	74
532	2019-05-30 02:02:33.069450+00:00	74
533	2019-05-30 02:04:50.674832+00:00	74
534	2019-05-30 02:05:22.225365+00:00	74
535	2019-05-30 02:05:43.839937+00:00	74
536	2019-05-30 02:06:12.943285+00:00	74
537	2019-05-30 02:06:33.205510+00:00	74
538	2019-05-30 02:07:52.446815+00:00	74
539	2019-05-30 02:09:48.680448+00:00	74
540	2019-05-30 02:10:58.066198+00:00	74
541	2019-05-30 02:12:42.467145+00:00	74
542	2019-05-30 11:48:53.150381+00:00	76
543	2019-05-30 12:33:48.948499+00:00	77
544	2019-05-30 12:35:18.379158+00:00	77
545	2019-05-30 12:36:59.105931+00:00	77
546	2019-05-30 12:38:39.993413+00:00	77
547	2019-05-30 12:43:53.894675+00:00	78
548	2019-05-30 14:15:31.734162+00:00	80
549	2019-05-30 14:16:01.899911+00:00	80
550	2019-05-30 16:45:54.039415+00:00	81
551	2019-05-30 16:53:57.447445+00:00	82
552	2019-05-30 16:54:28.048743+00:00	82
553	2019-05-30 16:55:59.237450+00:00	82
556	2019-05-31 12:08:04.861479+00:00	83
557	2019-05-31 12:08:41.702031+00:00	83
558	2019-05-31 12:09:21.287384+00:00	83
559	2019-05-31 12:10:16.870064+00:00	83
560	2019-05-31 12:11:10.769439+00:00	83
561	2019-05-31 13:57:45.188891+00:00	84
562	2019-06-01 01:26:51.378991+00:00	88
563	2019-06-01 01:27:23.490482+00:00	88
564	2019-06-01 01:29:04.696556+00:00	88
565	2019-06-01 01:32:31.585707+00:00	88
566	2019-06-01 01:33:19.127859+00:00	88
567	2019-06-01 01:36:37.234584+00:00	88
568	2019-06-01 01:37:23.974748+00:00	88
569	2019-06-01 01:39:07.447445+00:00	88
570	2019-06-01 01:39:27.554630+00:00	88
571	2019-06-01 22:50:06.824398+00:00	90
572	2019-06-01 22:52:09.010297+00:00	90
573	2019-06-02 20:11:07.826014+00:00	93
574	2019-06-02 20:11:29.649422+00:00	93
575	2019-06-02 20:12:11.517505+00:00	93
576	2019-06-02 20:13:41.776772+00:00	93
577	2019-06-03 00:43:11.745597+00:00	91
578	2019-06-03 00:51:16.072440+00:00	94
579	2019-06-03 00:52:24.962711+00:00	95
580	2019-06-03 00:53:01.203499+00:00	97
581	2019-06-03 00:53:47.587023+00:00	96
582	2019-06-03 00:57:15.696305+00:00	97
583	2019-06-03 00:57:35.344915+00:00	94
584	2019-06-03 00:58:58.784761+00:00	97
585	2019-06-03 00:59:12.149339+00:00	96
586	2019-06-03 01:33:38.959164+00:00	95
587	2019-06-03 01:34:00.561642+00:00	95
588	2019-06-03 01:34:19.304753+00:00	95
589	2019-06-03 01:34:39.944411+00:00	95
590	2019-06-03 01:35:16.129983+00:00	95
591	2019-06-03 01:35:27.162057+00:00	95
592	2019-06-03 01:35:56.310500+00:00	95
593	2019-06-03 01:42:07.305784+00:00	95
594	2019-06-03 01:42:50.867831+00:00	95
595	2019-06-03 01:43:22.743171+00:00	95
596	2019-06-03 01:43:40.292962+00:00	95
597	2019-06-03 13:22:26.024617+00:00	98
598	2019-06-03 13:23:20.621595+00:00	98
599	2019-06-03 13:24:06.713865+00:00	98
600	2019-06-03 14:02:09.855658+00:00	99
601	2019-06-03 14:02:45.070900+00:00	99
602	2019-06-03 14:03:52.834999+00:00	99
603	2019-06-03 14:04:30.827174+00:00	99
604	2019-06-03 14:04:46.695278+00:00	99
605	2019-06-03 14:05:59.630145+00:00	99
606	2019-06-03 14:07:28.049358+00:00	99
607	2019-06-03 14:07:55.081960+00:00	99
608	2019-06-03 14:08:36.478194+00:00	99
609	2019-06-03 14:09:16.425245+00:00	99
610	2019-06-03 14:10:03.337246+00:00	99
611	2019-06-03 14:10:26.713540+00:00	99
612	2019-06-03 14:11:14.498119+00:00	99
613	2019-06-03 14:11:43.867040+00:00	99
614	2019-06-03 14:12:11.158070+00:00	99
615	2019-06-03 16:00:09.086501+00:00	98
616	2019-06-03 16:01:27.338413+00:00	98
617	2019-06-03 16:02:12.326112+00:00	98
618	2019-06-03 16:03:39.785244+00:00	98
619	2019-06-03 19:31:53.390522+00:00	101
620	2019-06-03 19:35:01.191162+00:00	101
621	2019-06-03 19:35:25.131643+00:00	101
622	2019-06-03 19:35:49.383635+00:00	101
623	2019-06-03 19:39:02.520367+00:00	101
624	2019-06-03 19:40:22.375702+00:00	101
625	2019-06-03 19:43:45.997521+00:00	101
626	2019-06-03 19:44:52.674885+00:00	101
627	2019-06-03 19:49:58.423354+00:00	101
628	2019-06-03 21:09:15.348278+00:00	103
629	2019-06-03 21:11:08.798197+00:00	103
630	2019-06-03 21:11:30.033337+00:00	103
631	2019-06-03 21:13:39.322515+00:00	103
632	2019-06-03 21:14:00.382861+00:00	103
633	2019-06-03 21:14:36.273990+00:00	103
634	2019-06-03 21:16:16.870671+00:00	103
635	2019-06-03 21:16:25.207284+00:00	103
636	2019-06-03 21:16:42.049835+00:00	103
637	2019-06-03 21:17:12.011001+00:00	103
638	2019-06-03 21:17:19.276020+00:00	103
639	2019-06-03 21:17:43.061757+00:00	103
640	2019-06-03 21:18:08.080106+00:00	103
641	2019-06-03 21:20:46.564695+00:00	103
642	2019-06-03 21:21:55.824944+00:00	103
643	2019-06-03 21:22:09.234676+00:00	103
644	2019-06-03 21:22:36.594931+00:00	103
645	2019-06-03 21:22:45.969568+00:00	103
646	2019-06-03 21:23:16.464144+00:00	103
647	2019-06-03 21:23:26.469379+00:00	103
648	2019-06-03 21:24:22.373397+00:00	103
649	2019-06-03 21:25:15.394932+00:00	103
650	2019-06-03 21:25:24.820045+00:00	103
651	2019-06-03 21:25:44.929876+00:00	103
652	2019-06-04 17:04:49.123505+00:00	106
653	2019-06-04 17:05:12.670107+00:00	106
654	2019-06-04 17:05:40.918458+00:00	106
655	2019-06-04 17:05:42.934689+00:00	106
656	2019-06-04 17:06:49.826993+00:00	106
657	2019-06-04 17:07:28.585739+00:00	106
658	2019-06-04 17:08:39.522585+00:00	106
659	2019-06-04 17:10:48.467873+00:00	106
675	2019-06-17 04:16:45.652023+00:00	108
676	2019-06-17 04:17:13.860018+00:00	108
677	2019-06-17 04:18:50.000968+00:00	108
678	2019-06-17 04:19:00.406511+00:00	108
679	2019-06-17 04:19:31.498399+00:00	108
680	2019-06-17 04:19:55.932312+00:00	108
681	2019-06-17 04:20:08.519532+00:00	108
682	2019-06-17 04:20:22.540985+00:00	108
683	2019-06-17 04:20:36.893142+00:00	108
684	2019-06-17 04:21:26.750350+00:00	108
685	2019-06-17 04:21:36.265214+00:00	108
686	2019-06-17 04:22:21.181595+00:00	108
687	2019-06-17 04:24:08.373376+00:00	108
688	2019-06-17 04:24:22.277831+00:00	108
689	2019-06-17 04:24:49.960877+00:00	108
690	2019-06-17 04:25:08.418201+00:00	108
691	2019-06-17 04:25:32.715708+00:00	108
692	2019-06-17 04:26:29.390606+00:00	108
693	2019-06-17 04:26:39.043808+00:00	108
694	2019-06-17 04:26:45.659630+00:00	108
695	2019-06-17 04:27:19.727253+00:00	108
696	2019-06-17 04:27:24.894851+00:00	108
697	2019-06-17 13:53:37.459987+00:00	12
698	2019-06-17 13:54:12.194362+00:00	12
699	2019-06-17 13:54:51.624180+00:00	12
700	2019-06-17 13:55:02.734540+00:00	12
701	2019-06-17 13:57:51.175795+00:00	12
702	2019-06-17 13:58:25.842514+00:00	12
713	2019-06-17 16:35:03.708454+00:00	111
714	2019-06-17 16:49:37.400561+00:00	111
715	2019-06-17 16:50:17.171419+00:00	111
716	2019-06-17 16:53:16.761483+00:00	111
717	2019-06-17 16:54:55.756215+00:00	111
718	2019-06-17 16:55:40.939214+00:00	111
719	2019-06-17 16:56:39.520374+00:00	111
720	2019-06-17 16:58:27.373890+00:00	111
721	2019-06-17 17:00:11.692900+00:00	111
723	2019-06-17 17:42:47.968362+00:00	111
724	2019-06-17 17:45:35.858857+00:00	111
727	2019-06-17 17:52:42.442522+00:00	111
728	2019-06-17 17:58:58.205407+00:00	111
729	2019-06-17 18:02:10.188491+00:00	111
737	2019-06-18 20:37:08.009793+00:00	111
738	2019-06-18 20:38:00.744961+00:00	111
739	2019-06-18 20:39:03.142276+00:00	111
740	2019-06-18 20:45:38.882102+00:00	111
741	2019-06-18 20:46:19.577832+00:00	111
742	2019-06-18 20:52:14.020380+00:00	111
743	2019-06-18 20:58:18.401402+00:00	111
747	2019-06-19 14:50:52.295241+00:00	132
748	2019-06-19 14:51:00.688001+00:00	133
749	2019-06-19 14:51:14.797368+00:00	132
750	2019-06-19 14:58:05.167138+00:00	134
751	2019-06-19 15:04:43.358000+00:00	135
752	2019-06-19 15:05:10.588450+00:00	135
753	2019-06-19 15:06:18.079160+00:00	135
754	2019-06-19 15:07:26.406837+00:00	135
755	2019-06-19 15:08:17.517507+00:00	136
756	2019-06-19 15:14:26.556024+00:00	136
757	2019-06-19 15:16:22.780409+00:00	13
758	2019-06-19 15:17:16.823906+00:00	13
759	2019-06-19 15:19:07.984374+00:00	13
760	2019-06-19 15:20:33.307525+00:00	136
761	2019-06-19 15:20:49.124934+00:00	136
762	2019-06-19 15:21:23.382669+00:00	136
763	2019-06-19 15:22:17.464516+00:00	136
764	2019-06-19 15:42:40.840732+00:00	137
765	2019-06-19 16:51:07.622953+00:00	142
766	2019-06-19 16:53:26.835318+00:00	142
767	2019-06-19 16:54:24.595240+00:00	142
768	2019-06-19 16:55:49.655595+00:00	67
769	2019-06-19 16:56:06.731373+00:00	67
770	2019-06-19 16:57:07.629296+00:00	67
771	2019-06-19 16:57:23.448701+00:00	67
772	2019-06-19 16:57:33.879227+00:00	67
773	2019-06-19 17:01:34.718806+00:00	144
774	2019-06-19 17:02:42.044187+00:00	144
775	2019-06-19 17:03:55.105555+00:00	144
776	2019-06-19 17:04:12.475774+00:00	144
777	2019-06-19 17:04:52.552075+00:00	144
778	2019-06-19 17:05:30.646585+00:00	144
779	2019-06-19 17:05:47.011697+00:00	144
780	2019-06-19 17:05:55.994211+00:00	144
781	2019-06-19 17:37:11.907176+00:00	145
782	2019-06-19 17:37:35.521190+00:00	106
783	2019-06-19 17:38:00.413532+00:00	145
784	2019-06-19 17:38:56.195355+00:00	145
785	2019-06-19 17:39:29.282971+00:00	145
786	2019-06-19 17:40:21.972353+00:00	145
787	2019-06-19 17:41:32.824880+00:00	145
788	2019-06-19 17:42:23.802881+00:00	145
789	2019-06-19 17:59:41.852236+00:00	145
790	2019-06-19 18:00:06.073298+00:00	145
791	2019-06-19 18:00:40.600163+00:00	145
792	2019-06-19 18:00:57.645638+00:00	145
793	2019-06-19 18:01:13.967665+00:00	145
794	2019-06-19 18:01:28.735384+00:00	145
795	2019-06-19 18:01:55.802147+00:00	145
796	2019-06-19 18:03:03.663512+00:00	145
797	2019-06-19 18:03:20.148084+00:00	145
798	2019-06-19 18:03:42.785036+00:00	145
799	2019-06-19 18:05:14.519166+00:00	145
800	2019-06-19 18:06:14.723201+00:00	145
801	2019-06-19 18:06:31.919519+00:00	145
802	2019-06-19 18:06:53.528002+00:00	145
803	2019-06-19 18:07:12.099938+00:00	145
804	2019-06-19 18:07:28.480702+00:00	145
805	2019-06-19 18:07:45.354177+00:00	145
806	2019-06-19 18:08:10.391763+00:00	145
807	2019-06-19 18:08:43.843534+00:00	145
808	2019-06-19 18:09:27.894220+00:00	145
809	2019-06-19 18:10:07.216090+00:00	145
810	2019-06-19 18:11:29.843474+00:00	145
811	2019-06-19 18:11:43.085716+00:00	145
812	2019-06-19 18:12:44.027393+00:00	145
813	2019-06-19 18:13:32.531482+00:00	145
814	2019-06-19 18:13:52.935644+00:00	145
815	2019-06-19 18:14:15.656408+00:00	145
816	2019-06-19 18:32:12.870565+00:00	146
817	2019-06-19 18:48:36.873974+00:00	147
818	2019-06-19 18:48:45.068277+00:00	147
819	2019-06-19 18:49:30.908568+00:00	147
820	2019-06-19 18:49:57.624562+00:00	147
821	2019-06-19 18:50:22.873253+00:00	147
822	2019-06-19 19:08:06.829309+00:00	140
823	2019-06-19 20:50:50.339679+00:00	148
824	2019-06-19 20:53:08.017893+00:00	148
825	2019-06-19 21:11:54.591985+00:00	142
826	2019-06-19 23:27:59.715246+00:00	149
827	2019-06-19 23:28:08.869887+00:00	149
828	2019-06-19 23:28:12.362091+00:00	149
829	2019-06-19 23:28:50.966437+00:00	149
830	2019-06-19 23:29:13.991209+00:00	149
831	2019-06-19 23:29:48.263849+00:00	149
832	2019-06-19 23:30:08.256253+00:00	149
833	2019-06-19 23:31:05.057905+00:00	149
834	2019-06-19 23:31:52.631216+00:00	149
835	2019-06-19 23:33:34.913323+00:00	149
836	2019-06-19 23:33:54.046223+00:00	149
837	2019-06-19 23:34:07.309284+00:00	149
838	2019-06-19 23:34:41.538993+00:00	149
839	2019-06-19 23:35:11.059260+00:00	149
840	2019-06-19 23:35:29.231270+00:00	149
841	2019-06-19 23:36:14.534898+00:00	149
842	2019-06-19 23:36:33.532066+00:00	149
843	2019-06-19 23:37:20.640245+00:00	149
844	2019-06-19 23:37:54.715455+00:00	149
845	2019-06-19 23:48:04.377470+00:00	142
846	2019-06-19 23:48:28.424266+00:00	142
847	2019-06-19 23:48:52.904429+00:00	142
848	2019-06-19 23:49:27.593747+00:00	142
849	2019-06-19 23:49:47.671809+00:00	142
850	2019-06-19 23:50:15.085723+00:00	142
851	2019-06-19 23:50:28.571093+00:00	142
852	2019-06-19 23:50:39.250687+00:00	142
853	2019-06-19 23:51:07.431290+00:00	142
854	2019-06-19 23:51:52.890393+00:00	142
855	2019-06-19 23:52:34.214576+00:00	142
856	2019-06-19 23:53:12.244318+00:00	142
857	2019-06-19 23:54:34.299062+00:00	142
858	2019-06-19 23:55:23.990903+00:00	142
859	2019-06-20 10:18:52.263218+00:00	150
860	2019-06-20 14:53:10.544296+00:00	152
861	2019-06-20 18:29:42.708407+00:00	153
862	2019-06-20 18:30:29.235406+00:00	153
863	2019-06-20 18:30:43.425395+00:00	153
864	2019-06-20 18:30:56.463017+00:00	153
865	2019-06-20 18:31:28.816336+00:00	153
866	2019-06-20 18:33:15.301023+00:00	153
867	2019-06-20 18:34:12.382521+00:00	153
868	2019-06-20 18:34:46.362866+00:00	153
869	2019-06-20 18:37:18.413489+00:00	153
870	2019-06-20 18:37:49.207391+00:00	153
871	2019-06-20 18:38:06.974209+00:00	153
872	2019-06-20 18:38:27.706648+00:00	153
873	2019-06-20 18:39:01.225305+00:00	153
874	2019-06-20 18:39:18.182626+00:00	153
875	2019-06-20 18:39:30.979063+00:00	153
876	2019-06-20 18:40:07.207720+00:00	153
877	2019-06-20 18:50:13.612311+00:00	154
878	2019-06-20 21:44:32.915727+00:00	156
879	2019-06-20 21:45:34.614632+00:00	156
880	2019-06-20 21:46:16.143336+00:00	156
881	2019-06-20 21:47:06.432151+00:00	156
882	2019-06-20 21:47:19.733376+00:00	156
883	2019-06-20 21:47:28.195238+00:00	156
884	2019-06-20 21:48:08.410925+00:00	156
885	2019-06-20 21:49:16.024627+00:00	156
886	2019-06-20 21:50:44.639770+00:00	156
887	2019-06-20 21:52:56.971884+00:00	156
888	2019-06-20 21:53:18.970621+00:00	156
889	2019-06-20 21:53:31.553371+00:00	156
890	2019-06-20 21:53:58.002619+00:00	156
891	2019-06-20 21:55:11.976439+00:00	156
892	2019-06-20 21:55:54.805335+00:00	156
893	2019-06-20 21:57:25.165611+00:00	156
894	2019-06-20 21:57:40.545122+00:00	156
895	2019-06-20 21:59:22.811372+00:00	156
896	2019-06-20 22:01:22.304459+00:00	156
897	2019-06-20 23:57:37.220969+00:00	157
898	2019-06-20 23:58:18.200453+00:00	157
899	2019-06-20 23:58:32.601785+00:00	158
900	2019-06-20 23:59:24.529525+00:00	157
901	2019-06-21 00:04:18.911319+00:00	157
902	2019-06-21 00:05:24.795338+00:00	157
903	2019-06-21 00:08:05.089629+00:00	157
904	2019-06-21 00:27:12.901640+00:00	161
905	2019-06-21 00:29:41.545522+00:00	161
906	2019-06-21 00:29:47.998378+00:00	161
907	2019-06-21 00:30:40.552503+00:00	161
908	2019-06-21 00:30:57.848940+00:00	161
909	2019-06-21 00:31:35.974991+00:00	161
910	2019-06-21 00:32:55.213209+00:00	161
911	2019-06-21 00:34:32.690124+00:00	162
912	2019-06-21 00:34:42.649170+00:00	161
913	2019-06-21 00:36:08.552219+00:00	161
914	2019-06-21 00:36:10.936864+00:00	162
915	2019-06-21 00:36:56.815481+00:00	161
916	2019-06-21 00:38:34.503893+00:00	161
917	2019-06-21 00:49:01.666663+00:00	165
918	2019-06-21 00:50:21.702645+00:00	165
919	2019-06-21 00:51:52.509904+00:00	165
920	2019-06-21 00:55:51.843996+00:00	165
921	2019-06-21 00:57:25.126953+00:00	165
922	2019-06-21 01:15:03.332153+00:00	166
923	2019-06-21 01:21:03.245034+00:00	166
924	2019-06-21 01:22:46.283311+00:00	167
925	2019-06-21 01:29:56.893824+00:00	167
926	2019-06-21 01:30:07.058048+00:00	167
927	2019-06-21 01:30:35.415477+00:00	167
928	2019-06-21 01:31:47.724374+00:00	167
929	2019-06-21 01:31:59.888805+00:00	166
930	2019-06-21 02:50:19.221702+00:00	171
931	2019-06-21 02:51:17.727789+00:00	171
932	2019-06-21 02:52:08.634094+00:00	171
933	2019-06-21 04:05:47.837148+00:00	174
934	2019-06-21 04:07:31.627380+00:00	174
935	2019-06-21 11:43:21.648290+00:00	176
936	2019-06-21 11:43:53.348990+00:00	176
937	2019-06-21 11:44:08.095570+00:00	176
938	2019-06-21 11:44:31.907531+00:00	176
939	2019-06-21 11:44:46.420793+00:00	176
940	2019-06-21 11:45:13.780512+00:00	176
941	2019-06-21 11:45:51.947180+00:00	176
942	2019-06-21 11:46:03.736327+00:00	176
943	2019-06-21 11:46:09.514156+00:00	176
944	2019-06-21 11:46:26.748969+00:00	176
945	2019-06-21 12:01:57.606930+00:00	177
946	2019-06-21 12:03:04.855093+00:00	177
947	2019-06-21 12:03:57.613284+00:00	177
948	2019-06-21 12:06:28.846509+00:00	177
949	2019-06-21 12:08:39.302539+00:00	177
950	2019-06-21 12:09:32.514432+00:00	177
951	2019-06-21 12:11:55.642702+00:00	177
952	2019-06-21 12:13:01.399248+00:00	177
953	2019-06-21 12:16:48.736697+00:00	177
954	2019-06-21 12:18:29.020231+00:00	177
955	2019-06-21 14:04:50.946593+00:00	179
956	2019-06-21 14:29:49.232331+00:00	180
957	2019-06-21 14:32:52.441965+00:00	180
958	2019-06-21 14:47:41.441306+00:00	181
959	2019-06-21 14:48:06.914168+00:00	181
960	2019-06-21 14:49:19.775290+00:00	181
961	2019-06-21 14:50:58.412206+00:00	181
962	2019-06-21 14:51:04.062463+00:00	181
963	2019-06-21 14:56:19.401339+00:00	181
964	2019-06-21 15:19:49.852932+00:00	182
965	2019-06-21 15:22:41.392960+00:00	183
966	2019-06-21 16:35:15.213139+00:00	186
967	2019-06-21 16:36:40.328202+00:00	186
968	2019-06-21 16:37:18.220961+00:00	186
969	2019-06-21 16:38:38.023907+00:00	188
970	2019-06-21 16:39:09.213503+00:00	188
971	2019-06-21 16:42:44.567961+00:00	186
972	2019-06-21 16:44:09.219372+00:00	186
973	2019-06-21 16:55:55.899419+00:00	189
974	2019-06-21 16:56:36.462319+00:00	189
975	2019-06-21 16:57:52.806705+00:00	189
976	2019-06-21 17:00:23.414684+00:00	189
977	2019-06-21 17:01:21.127424+00:00	189
978	2019-06-21 17:03:41.853325+00:00	189
979	2019-06-21 17:04:02.796316+00:00	189
980	2019-06-21 17:06:21.493046+00:00	191
981	2019-06-21 17:07:07.975510+00:00	191
982	2019-06-21 17:07:33.177790+00:00	191
983	2019-06-21 17:08:53.879425+00:00	189
984	2019-06-21 17:10:14.792661+00:00	191
985	2019-06-21 17:10:23.308388+00:00	189
986	2019-06-21 17:12:32.312947+00:00	191
987	2019-06-21 17:13:57.530824+00:00	191
988	2019-06-21 18:49:21.236815+00:00	174
989	2019-06-21 19:11:48.736115+00:00	193
990	2019-06-21 19:12:39.785151+00:00	193
991	2019-06-21 19:13:46.876490+00:00	193
992	2019-06-21 19:15:29.539574+00:00	193
993	2019-06-21 19:15:42.637151+00:00	193
994	2019-06-21 19:15:55.210755+00:00	193
995	2019-06-21 19:16:06.129097+00:00	193
996	2019-06-21 19:16:19.561017+00:00	193
997	2019-06-21 19:16:52.841006+00:00	193
998	2019-06-21 19:17:35.696109+00:00	193
999	2019-06-21 19:18:07.392128+00:00	193
1000	2019-06-21 19:18:24.346894+00:00	193
1001	2019-06-21 19:18:44.046599+00:00	193
1002	2019-06-21 19:19:28.314600+00:00	193
1003	2019-06-21 19:20:03.031987+00:00	193
1004	2019-06-21 19:20:28.359587+00:00	193
1005	2019-06-21 19:21:17.917457+00:00	193
1006	2019-06-21 19:21:53.015948+00:00	193
1007	2019-06-21 19:23:09.966498+00:00	193
1008	2019-06-21 19:24:26.046198+00:00	193
1009	2019-06-21 19:25:06.006184+00:00	193
1010	2019-06-21 19:28:05.917509+00:00	193
1011	2019-06-21 19:28:54.247532+00:00	193
1012	2019-06-21 20:30:44.282734+00:00	78
1013	2019-06-21 20:33:54.992165+00:00	78
1014	2019-06-21 20:40:48.662540+00:00	78
1015	2019-06-21 20:41:16.455275+00:00	78
1016	2019-06-21 21:34:54.126973+00:00	196
1017	2019-06-21 22:03:32.122742+00:00	197
1018	2019-06-21 22:04:57.359193+00:00	197
1019	2019-06-21 22:05:26.587748+00:00	197
1020	2019-06-21 22:05:34.048379+00:00	197
1021	2019-06-21 22:06:30.171348+00:00	199
1022	2019-06-21 22:07:06.036933+00:00	197
1023	2019-06-21 22:07:13.729647+00:00	199
1024	2019-06-21 22:11:40.737285+00:00	197
1025	2019-06-21 22:12:03.957322+00:00	199
1026	2019-06-21 22:12:46.293311+00:00	199
1027	2019-06-21 22:12:46.876720+00:00	197
1028	2019-06-21 22:17:02.652595+00:00	197
1029	2019-06-21 22:17:27.731963+00:00	197
1030	2019-06-21 22:18:04.362466+00:00	197
1031	2019-06-21 22:18:18.052725+00:00	197
1032	2019-06-21 22:18:36.951307+00:00	197
1033	2019-06-21 22:19:25.534351+00:00	197
1034	2019-06-21 22:20:41.732672+00:00	197
1035	2019-06-21 22:21:02.981241+00:00	197
1036	2019-06-21 22:21:50.292486+00:00	197
1037	2019-06-21 22:23:25.756293+00:00	197
1038	2019-06-21 22:23:54.063203+00:00	197
1039	2019-06-21 22:26:07.387805+00:00	197
1040	2019-06-21 22:32:32.526468+00:00	197
1041	2019-06-21 22:51:37.448835+00:00	198
1042	2019-06-21 22:53:53.826351+00:00	202
1043	2019-06-21 22:54:45.630834+00:00	201
1044	2019-06-21 22:55:06.594977+00:00	202
1045	2019-06-21 22:55:31.821899+00:00	202
1046	2019-06-21 22:55:46.354352+00:00	201
1047	2019-06-21 22:56:16.689340+00:00	201
1048	2019-06-21 22:56:18.275574+00:00	202
1049	2019-06-21 22:57:10.343513+00:00	202
1050	2019-06-21 22:57:44.075993+00:00	201
1051	2019-06-21 22:57:47.140557+00:00	202
1052	2019-06-21 22:58:18.644620+00:00	201
1053	2019-06-21 22:59:04.137093+00:00	201
1054	2019-06-21 22:59:21.518882+00:00	202
1055	2019-06-21 22:59:26.157677+00:00	201
1056	2019-06-21 22:59:39.337654+00:00	202
1057	2019-06-21 22:59:45.022595+00:00	201
1058	2019-06-21 22:59:56.969233+00:00	202
1059	2019-06-21 23:00:19.617301+00:00	201
1060	2019-06-21 23:00:25.083296+00:00	202
1061	2019-06-21 23:00:47.892226+00:00	202
1062	2019-06-21 23:00:52.078996+00:00	201
1063	2019-06-21 23:01:01.278683+00:00	202
1064	2019-06-21 23:01:32.284250+00:00	202
1065	2019-06-21 23:01:45.708968+00:00	201
1066	2019-06-21 23:01:56.001818+00:00	202
1067	2019-06-21 23:02:14.869851+00:00	202
1068	2019-06-21 23:03:37.801060+00:00	201
1069	2019-06-21 23:04:18.585356+00:00	201
1070	2019-06-21 23:04:20.806314+00:00	202
1071	2019-06-21 23:04:45.483083+00:00	201
1072	2019-06-21 23:05:00.646944+00:00	202
1073	2019-06-21 23:05:24.665675+00:00	201
1074	2019-06-21 23:05:44.828199+00:00	202
1075	2019-06-21 23:06:07.274216+00:00	201
1076	2019-06-21 23:06:08.521663+00:00	202
1077	2019-06-21 23:06:43.370090+00:00	201
1078	2019-06-21 23:06:43.573407+00:00	202
1079	2019-06-21 23:07:22.443893+00:00	202
1080	2019-06-21 23:07:38.797163+00:00	201
1081	2019-06-21 23:07:53.306880+00:00	202
1082	2019-06-21 23:08:02.678444+00:00	201
1083	2019-06-21 23:08:31.516987+00:00	202
1084	2019-06-21 23:08:40.252098+00:00	201
1085	2019-06-21 23:10:07.442972+00:00	201
1086	2019-06-21 23:16:35.116055+00:00	201
1087	2019-06-21 23:18:22.213614+00:00	201
1088	2019-06-22 02:54:04.249879+00:00	204
1089	2019-06-22 02:54:39.334165+00:00	204
1090	2019-06-22 02:55:11.969985+00:00	204
1091	2019-06-22 02:55:37.854814+00:00	204
1092	2019-06-22 02:57:59.300685+00:00	204
1093	2019-06-22 02:58:21.776292+00:00	204
1094	2019-06-22 02:58:44.137664+00:00	204
1095	2019-06-22 02:59:15.867583+00:00	204
1096	2019-06-22 03:00:09.613703+00:00	204
1097	2019-06-22 03:01:50.585784+00:00	204
1098	2019-06-22 03:03:32.958214+00:00	204
1099	2019-06-22 03:04:03.114008+00:00	204
1100	2019-06-22 03:05:23.722845+00:00	204
1101	2019-06-22 03:06:29.423613+00:00	204
1102	2019-06-22 03:07:04.554501+00:00	204
1103	2019-06-22 03:07:45.532405+00:00	204
1104	2019-06-22 03:34:40.231542+00:00	204
1105	2019-06-22 03:35:14.879043+00:00	204
1106	2019-06-22 03:35:24.867809+00:00	204
1107	2019-06-22 11:29:19.513729+00:00	174
1108	2019-06-22 11:47:03.118738+00:00	203
1109	2019-06-22 11:49:13.076571+00:00	203
1110	2019-06-22 11:51:15.298195+00:00	203
1111	2019-06-22 11:52:03.246223+00:00	203
1112	2019-06-22 11:52:58.844532+00:00	203
1113	2019-06-22 11:54:44.733048+00:00	203
1114	2019-06-22 11:55:08.504311+00:00	203
1115	2019-06-22 11:57:49.452605+00:00	203
1116	2019-06-22 11:59:10.722012+00:00	203
1117	2019-06-22 11:59:45.081519+00:00	203
1118	2019-06-22 12:01:35.126555+00:00	203
1119	2019-06-22 12:03:38.341709+00:00	203
1120	2019-06-22 12:04:04.105910+00:00	203
1121	2019-06-22 12:04:22.720240+00:00	203
1122	2019-06-22 12:05:03.894693+00:00	203
1123	2019-06-22 12:05:41.258544+00:00	203
1124	2019-06-22 12:06:58.173691+00:00	203
1125	2019-06-22 12:12:59.538340+00:00	203
1126	2019-06-22 12:13:37.098445+00:00	203
1127	2019-06-22 12:14:23.234961+00:00	203
1128	2019-06-22 15:47:46.706184+00:00	44
1129	2019-06-22 15:48:07.791142+00:00	44
1130	2019-06-22 15:48:21.647008+00:00	44
1131	2019-06-22 17:35:55.100122+00:00	205
1132	2019-06-22 23:42:00.275126+00:00	154
1133	2019-06-22 23:48:37.256066+00:00	154
1134	2019-06-23 14:14:12.942575+00:00	174
1135	2019-06-23 16:15:45.840799+00:00	207
1136	2019-06-23 16:16:57.231688+00:00	207
1137	2019-06-23 16:17:42.162952+00:00	207
1138	2019-06-23 16:18:44.016329+00:00	207
1139	2019-06-23 16:19:25.527134+00:00	207
1140	2019-06-23 16:19:58.463660+00:00	207
1141	2019-06-23 16:20:17.511503+00:00	207
1142	2019-06-23 16:20:37.493748+00:00	207
1143	2019-06-23 16:20:49.321934+00:00	207
1144	2019-06-23 16:21:03.284673+00:00	207
1145	2019-06-23 16:21:47.461403+00:00	207
1146	2019-06-23 16:22:20.519798+00:00	207
1147	2019-06-23 16:22:45.962115+00:00	207
1148	2019-06-23 16:23:03.032520+00:00	207
1149	2019-06-23 16:23:33.490445+00:00	207
1150	2019-06-23 16:23:47.812705+00:00	207
1151	2019-06-23 16:24:22.758481+00:00	207
1152	2019-06-23 16:24:36.247159+00:00	207
1153	2019-06-23 16:24:53.538903+00:00	207
1154	2019-06-23 16:25:54.886735+00:00	207
1155	2019-06-23 16:41:39.744318+00:00	207
1156	2019-06-23 16:41:53.451377+00:00	207
1157	2019-06-23 16:42:21.667341+00:00	207
1158	2019-06-23 16:43:33.411333+00:00	207
1159	2019-06-23 18:44:52.429225+00:00	208
1160	2019-06-23 18:47:32.420158+00:00	208
1161	2019-06-23 18:48:02.904087+00:00	208
1162	2019-06-23 18:50:00.895125+00:00	208
1163	2019-06-23 18:56:32.550471+00:00	208
1164	2019-06-23 18:57:04.647917+00:00	208
1165	2019-06-23 18:57:29.691512+00:00	208
1166	2019-06-23 18:59:21.351533+00:00	208
1167	2019-06-23 19:01:08.910747+00:00	208
1168	2019-06-23 19:17:33.190667+00:00	208
1169	2019-06-24 03:04:17.472544+00:00	209
1170	2019-06-24 15:09:56.503625+00:00	210
1171	2019-06-24 15:11:07.997742+00:00	211
1172	2019-06-24 15:15:17.071546+00:00	210
1173	2019-06-24 15:41:19.399093+00:00	213
1174	2019-06-24 15:42:18.127834+00:00	213
1175	2019-06-24 15:43:06.502428+00:00	213
1176	2019-06-24 15:43:28.713267+00:00	213
1177	2019-06-24 15:44:21.436709+00:00	213
1178	2019-06-24 15:45:22.014635+00:00	213
1179	2019-06-24 15:46:16.418454+00:00	213
1180	2019-06-24 15:46:56.579645+00:00	213
1181	2019-06-24 15:48:02.876643+00:00	213
1182	2019-06-24 15:49:12.711939+00:00	213
1183	2019-06-24 15:49:19.352109+00:00	215
1184	2019-06-24 15:49:34.066177+00:00	213
1185	2019-06-24 15:50:12.233448+00:00	213
1186	2019-06-24 15:50:45.879093+00:00	213
1187	2019-06-24 15:51:33.707968+00:00	213
1188	2019-06-24 15:52:08.005518+00:00	213
1189	2019-06-24 15:53:02.311769+00:00	213
1190	2019-06-24 15:53:35.769009+00:00	213
1191	2019-06-24 15:55:17.358412+00:00	213
1192	2019-06-24 15:55:37.492208+00:00	213
1193	2019-06-24 15:56:22.273468+00:00	213
1194	2019-06-24 15:58:49.614356+00:00	213
1195	2019-06-24 16:00:13.775564+00:00	216
1196	2019-06-24 16:00:37.704270+00:00	213
1197	2019-06-24 16:01:20.165605+00:00	213
1198	2019-06-24 16:03:59.988079+00:00	220
1199	2019-06-24 16:06:02.910876+00:00	225
1200	2019-06-24 16:06:05.399852+00:00	223
1201	2019-06-24 16:06:12.114030+00:00	222
1202	2019-06-24 16:06:15.474673+00:00	222
1203	2019-06-24 16:06:51.856924+00:00	223
1204	2019-06-24 16:07:14.970196+00:00	223
1205	2019-06-24 16:07:33.783796+00:00	223
1206	2019-06-24 16:07:51.186934+00:00	223
1207	2019-06-24 16:08:05.804995+00:00	223
1208	2019-06-24 16:08:22.004418+00:00	223
1209	2019-06-24 16:08:38.402978+00:00	223
1210	2019-06-24 16:08:43.645055+00:00	224
1211	2019-06-24 16:08:56.484099+00:00	223
1212	2019-06-24 16:09:16.739858+00:00	224
1213	2019-06-24 16:09:28.013301+00:00	223
1214	2019-06-24 16:09:42.892546+00:00	224
1215	2019-06-24 16:09:53.812083+00:00	223
1216	2019-06-24 16:09:57.008821+00:00	226
1217	2019-06-24 16:10:37.204635+00:00	223
1218	2019-06-24 16:10:48.252827+00:00	224
1219	2019-06-24 16:11:02.454641+00:00	223
1220	2019-06-24 16:11:11.795467+00:00	224
1221	2019-06-24 16:12:15.176716+00:00	223
1222	2019-06-24 16:12:23.035883+00:00	224
1223	2019-06-24 16:12:24.251139+00:00	223
1224	2019-06-24 16:12:32.324681+00:00	223
1225	2019-06-24 16:12:32.901419+00:00	225
1226	2019-06-24 16:12:54.731302+00:00	223
1227	2019-06-24 16:13:01.564039+00:00	223
1228	2019-06-24 16:13:10.702355+00:00	223
1229	2019-06-24 16:13:11.428239+00:00	224
1230	2019-06-24 16:13:18.116310+00:00	223
1231	2019-06-24 16:13:30.404280+00:00	223
1232	2019-06-24 16:13:45.212328+00:00	223
1233	2019-06-24 16:13:51.851007+00:00	223
1234	2019-06-24 16:14:03.803470+00:00	223
1235	2019-06-24 16:14:18.935896+00:00	223
1236	2019-06-24 16:14:28.123012+00:00	223
1237	2019-06-24 16:14:31.193966+00:00	223
1238	2019-06-24 16:14:41.984768+00:00	223
1239	2019-06-24 16:14:50.267090+00:00	224
1240	2019-06-24 16:14:53.811384+00:00	223
1241	2019-06-24 16:14:59.810552+00:00	223
1242	2019-06-24 16:15:14.431026+00:00	223
1243	2019-06-24 16:15:19.042202+00:00	223
1244	2019-06-24 16:15:40.481048+00:00	228
1245	2019-06-24 16:22:26.899655+00:00	231
1246	2019-06-24 16:23:50.454965+00:00	230
1247	2019-06-24 16:28:10.201464+00:00	232
1248	2019-06-24 16:33:39.524027+00:00	234
1249	2019-06-24 16:33:56.771949+00:00	233
1250	2019-06-24 16:34:31.287527+00:00	234
1251	2019-06-24 16:35:24.017047+00:00	233
1252	2019-06-24 16:35:41.733148+00:00	233
1253	2019-06-24 16:37:55.452302+00:00	233
1254	2019-06-24 16:38:34.572667+00:00	233
1255	2019-06-24 16:38:59.346859+00:00	234
1256	2019-06-24 16:39:20.960861+00:00	233
1257	2019-06-24 16:39:35.967858+00:00	234
1258	2019-06-24 16:39:42.763507+00:00	233
1259	2019-06-24 16:53:56.266104+00:00	237
1260	2019-06-24 16:55:18.400764+00:00	237
1261	2019-06-24 16:55:54.408493+00:00	237
1262	2019-06-24 16:56:41.746075+00:00	237
1263	2019-06-24 16:57:27.541243+00:00	237
1264	2019-06-24 16:58:39.482338+00:00	237
1265	2019-06-24 16:59:22.935229+00:00	237
1266	2019-06-24 17:01:08.613490+00:00	239
1267	2019-06-24 17:03:54.208450+00:00	237
1268	2019-06-24 17:04:40.289698+00:00	237
1269	2019-06-24 17:07:06.841666+00:00	237
1270	2019-06-24 17:07:59.923011+00:00	237
1271	2019-06-24 17:08:30.321065+00:00	237
1272	2019-06-24 17:21:05.453014+00:00	238
1273	2019-06-24 17:23:37.250310+00:00	238
1274	2019-06-24 17:25:58.412443+00:00	238
1275	2019-06-24 17:27:14.132202+00:00	240
1276	2019-06-24 17:36:20.807640+00:00	241
1277	2019-06-24 17:45:50.761592+00:00	237
1278	2019-06-24 17:49:03.756178+00:00	237
1279	2019-06-24 17:50:28.409597+00:00	237
1280	2019-06-24 17:51:55.971944+00:00	237
1281	2019-06-24 17:52:15.542129+00:00	237
1282	2019-06-24 17:52:44.546120+00:00	237
1283	2019-06-24 17:56:08.015817+00:00	237
1284	2019-06-24 18:08:03.268111+00:00	243
1285	2019-06-24 18:30:29.509635+00:00	245
1286	2019-06-24 18:31:48.847977+00:00	245
1287	2019-06-24 18:32:38.751987+00:00	245
1288	2019-06-24 18:33:19.105300+00:00	245
1289	2019-06-24 18:34:03.030522+00:00	245
1290	2019-06-24 18:34:21.336436+00:00	245
1291	2019-06-24 18:34:51.044512+00:00	245
1292	2019-06-24 18:35:21.611397+00:00	245
1293	2019-06-24 18:36:02.719352+00:00	245
1294	2019-06-24 18:37:21.556750+00:00	245
1295	2019-06-24 18:37:44.889660+00:00	246
1296	2019-06-24 18:38:04.551774+00:00	245
1297	2019-06-24 18:40:20.145221+00:00	245
1298	2019-06-24 18:41:16.354328+00:00	245
1299	2019-06-24 18:42:33.898420+00:00	245
1300	2019-06-24 18:59:38.138481+00:00	247
1301	2019-06-24 19:01:23.877062+00:00	247
1302	2019-06-24 19:28:32.143226+00:00	249
1303	2019-06-24 19:31:30.823434+00:00	249
1304	2019-06-24 21:36:31.750419+00:00	251
1305	2019-06-24 21:40:17.808692+00:00	252
1306	2019-06-24 21:48:07.198606+00:00	253
1307	2019-06-24 21:52:25.290385+00:00	253
1308	2019-06-24 21:52:29.976393+00:00	251
1309	2019-06-24 21:53:33.029505+00:00	254
1310	2019-06-24 21:53:53.233660+00:00	253
1311	2019-06-24 21:55:50.806222+00:00	254
1312	2019-06-24 21:56:07.459032+00:00	251
1313	2019-06-24 21:56:13.918515+00:00	255
1314	2019-06-24 21:58:22.767453+00:00	254
1315	2019-06-24 21:59:26.602570+00:00	254
1316	2019-06-24 22:00:47.985452+00:00	255
1317	2019-06-24 22:02:04.395295+00:00	254
1318	2019-06-24 22:13:59.004169+00:00	254
1319	2019-06-24 22:15:56.949066+00:00	254
1320	2019-06-24 22:18:16.689798+00:00	256
1321	2019-06-24 22:19:22.268774+00:00	256
1322	2019-06-24 22:20:14.575708+00:00	256
1323	2019-06-24 22:21:06.053211+00:00	256
1324	2019-06-24 22:21:46.112251+00:00	256
1325	2019-06-24 22:22:15.677472+00:00	256
1326	2019-06-24 22:22:27.483856+00:00	256
1327	2019-06-24 22:22:56.032114+00:00	256
1328	2019-06-24 22:23:17.807715+00:00	256
1329	2019-06-24 22:23:34.542935+00:00	256
1330	2019-06-24 22:23:57.892757+00:00	256
1331	2019-06-24 22:24:15.910985+00:00	256
1332	2019-06-24 22:24:35.472026+00:00	256
1333	2019-06-24 22:24:54.034513+00:00	256
1334	2019-06-24 22:25:23.944790+00:00	256
1335	2019-06-24 22:25:38.026229+00:00	256
1336	2019-06-24 22:25:49.523314+00:00	256
1337	2019-06-24 22:26:02.518537+00:00	256
1338	2019-06-24 22:26:13.990211+00:00	256
1339	2019-06-24 22:26:28.311113+00:00	256
1340	2019-06-24 22:26:38.049268+00:00	256
1341	2019-06-24 22:26:50.050281+00:00	256
1342	2019-06-24 22:27:00.089681+00:00	256
1343	2019-06-24 22:27:11.989815+00:00	256
1344	2019-06-24 22:27:21.350372+00:00	256
1345	2019-06-24 22:27:37.669638+00:00	256
1346	2019-06-24 22:36:20.045410+00:00	257
1347	2019-06-24 22:38:59.113773+00:00	257
1348	2019-06-24 22:39:13.704118+00:00	257
1349	2019-06-24 22:54:30.745562+00:00	251
1350	2019-06-24 23:01:45.483788+00:00	242
1351	2019-06-24 23:05:41.169033+00:00	251
1352	2019-06-24 23:09:13.962527+00:00	251
1353	2019-06-24 23:15:55.852927+00:00	258
1354	2019-06-24 23:16:44.147765+00:00	258
1355	2019-06-24 23:17:12.760935+00:00	258
1356	2019-06-24 23:17:28.212220+00:00	258
1357	2019-06-24 23:18:08.850701+00:00	258
1358	2019-06-24 23:19:49.176617+00:00	251
1359	2019-06-24 23:37:22.880045+00:00	260
1360	2019-06-24 23:44:55.348313+00:00	262
1361	2019-06-24 23:47:50.005475+00:00	262
1362	2019-06-24 23:49:18.256241+00:00	262
1363	2019-06-24 23:49:49.797087+00:00	262
1364	2019-06-25 00:00:23.633876+00:00	262
1365	2019-06-25 00:01:17.337531+00:00	262
1366	2019-06-25 00:02:23.811736+00:00	262
1367	2019-06-25 00:03:18.418481+00:00	262
1368	2019-06-25 00:04:44.374218+00:00	262
1369	2019-06-25 00:05:20.464516+00:00	262
1370	2019-06-25 00:07:22.842155+00:00	262
1371	2019-06-25 00:25:55.347431+00:00	264
1372	2019-06-25 00:27:58.348650+00:00	264
1373	2019-06-25 00:45:02.683937+00:00	266
1374	2019-06-25 00:46:30.407688+00:00	266
1375	2019-06-25 00:48:29.407422+00:00	266
1376	2019-06-25 00:48:59.613210+00:00	266
1377	2019-06-25 00:50:13.148969+00:00	266
1378	2019-06-25 00:52:47.143453+00:00	266
1379	2019-06-25 00:53:25.028110+00:00	266
1380	2019-06-25 00:55:06.642350+00:00	267
1381	2019-06-25 00:55:17.056347+00:00	266
1382	2019-06-25 00:57:17.518278+00:00	267
1383	2019-06-25 01:01:52.514568+00:00	267
1384	2019-06-25 01:02:59.999152+00:00	267
1385	2019-06-25 01:20:04.364088+00:00	268
1386	2019-06-25 01:20:29.154644+00:00	268
1387	2019-06-25 01:21:01.607961+00:00	268
1388	2019-06-25 01:23:19.312603+00:00	268
1389	2019-06-25 01:26:58.487371+00:00	268
1390	2019-06-25 01:34:03.526131+00:00	268
1391	2019-06-25 01:34:35.555919+00:00	271
1392	2019-06-25 01:35:15.849282+00:00	271
1393	2019-06-25 01:35:23.843563+00:00	271
1394	2019-06-25 01:35:24.476927+00:00	270
1395	2019-06-25 01:35:42.950471+00:00	270
1396	2019-06-25 01:35:49.384089+00:00	271
1397	2019-06-25 01:35:52.549473+00:00	270
1398	2019-06-25 01:36:32.991390+00:00	271
1399	2019-06-25 01:37:40.473487+00:00	271
1400	2019-06-25 01:38:04.202311+00:00	271
1401	2019-06-25 01:38:38.530621+00:00	268
1402	2019-06-25 01:39:10.147369+00:00	271
1403	2019-06-25 01:39:25.040245+00:00	271
1404	2019-06-25 01:40:41.432066+00:00	271
1405	2019-06-25 01:41:58.696850+00:00	271
1406	2019-06-25 01:42:45.110566+00:00	269
1407	2019-06-25 01:42:47.439462+00:00	271
1408	2019-06-25 01:42:49.858560+00:00	269
1409	2019-06-25 01:42:50.483162+00:00	270
1410	2019-06-25 01:43:03.504783+00:00	273
1411	2019-06-25 01:43:26.846606+00:00	269
1412	2019-06-25 01:44:18.780244+00:00	271
1413	2019-06-25 01:45:01.933788+00:00	271
1414	2019-06-25 01:47:45.173229+00:00	271
1415	2019-06-25 01:49:39.963430+00:00	271
1416	2019-06-25 01:55:55.063572+00:00	275
1417	2019-06-25 02:00:17.811349+00:00	275
1418	2019-06-25 02:07:25.706714+00:00	277
1419	2019-06-25 02:07:56.510766+00:00	155
1420	2019-06-25 02:08:43.722227+00:00	277
1421	2019-06-25 02:09:15.370692+00:00	278
1422	2019-06-25 02:09:44.275074+00:00	155
1423	2019-06-25 02:09:46.418117+00:00	277
1424	2019-06-25 02:11:42.568889+00:00	277
1425	2019-06-25 02:12:46.595407+00:00	277
1426	2019-06-25 02:13:43.455409+00:00	277
1427	2019-06-25 02:14:12.663196+00:00	280
1428	2019-06-25 02:15:02.230718+00:00	277
1429	2019-06-25 02:15:21.443617+00:00	277
1430	2019-06-25 02:16:26.230096+00:00	277
1431	2019-06-25 02:16:46.310837+00:00	277
1432	2019-06-25 02:20:09.648027+00:00	277
1433	2019-06-25 02:21:08.332859+00:00	277
1434	2019-06-25 02:22:18.616804+00:00	277
1435	2019-06-25 02:23:06.101361+00:00	279
1436	2019-06-25 02:24:52.481891+00:00	277
1437	2019-06-25 02:27:46.137921+00:00	277
1438	2019-06-25 02:30:17.527564+00:00	281
1439	2019-06-25 02:30:28.635846+00:00	277
1440	2019-06-25 02:33:40.050650+00:00	277
1441	2019-06-25 02:34:39.462755+00:00	277
1442	2019-06-25 02:36:45.902053+00:00	277
1443	2019-06-25 02:37:05.741106+00:00	277
1444	2019-06-25 02:38:32.943434+00:00	277
1445	2019-06-25 02:38:37.065914+00:00	277
1446	2019-06-25 02:41:40.351054+00:00	277
1447	2019-06-25 02:42:58.073079+00:00	277
1448	2019-06-25 02:43:31.286444+00:00	277
1449	2019-06-25 02:49:19.638753+00:00	277
1450	2019-06-25 02:49:20.220145+00:00	277
1451	2019-06-25 02:51:10.935506+00:00	277
1452	2019-06-25 02:57:08.203519+00:00	263
1453	2019-06-25 02:59:26.564665+00:00	263
1454	2019-06-25 02:59:38.903976+00:00	277
1455	2019-06-25 03:01:05.230647+00:00	263
1456	2019-06-25 03:02:43.366306+00:00	263
1457	2019-06-25 03:04:33.644301+00:00	263
1458	2019-06-25 03:05:54.756906+00:00	263
1459	2019-06-25 03:06:20.030529+00:00	263
1460	2019-06-25 03:08:47.856760+00:00	263
1461	2019-06-25 03:09:38.244324+00:00	263
1462	2019-06-25 03:10:54.596652+00:00	263
1463	2019-06-25 03:15:40.172304+00:00	263
1464	2019-06-25 03:16:57.985843+00:00	263
1465	2019-06-25 03:18:41.504016+00:00	283
1466	2019-06-25 03:20:57.004140+00:00	283
1467	2019-06-25 04:20:16.848093+00:00	284
1468	2019-06-25 04:20:53.823797+00:00	284
1469	2019-06-25 04:22:37.237148+00:00	284
1470	2019-06-25 04:23:48.481870+00:00	284
1471	2019-06-25 04:24:48.583758+00:00	284
1472	2019-06-25 04:25:24.767344+00:00	284
1473	2019-06-25 04:30:58.165827+00:00	284
1474	2019-06-25 04:31:39.484083+00:00	284
1475	2019-06-25 10:49:04.881545+00:00	286
1476	2019-06-25 10:50:23.896936+00:00	286
1477	2019-06-25 10:50:44.383835+00:00	286
1478	2019-06-25 10:55:18.587836+00:00	286
1479	2019-06-25 10:59:57.783392+00:00	286
1480	2019-06-25 12:05:45.026894+00:00	287
1481	2019-06-25 12:07:31.137597+00:00	287
1482	2019-06-25 12:34:04.135307+00:00	288
1483	2019-06-25 12:35:14.402976+00:00	288
1484	2019-06-25 12:35:31.462412+00:00	288
1485	2019-06-25 12:37:53.582648+00:00	288
1486	2019-06-25 12:38:21.170985+00:00	288
1487	2019-06-25 12:38:31.514883+00:00	288
1488	2019-06-25 12:40:11.375410+00:00	288
1489	2019-06-25 12:41:32.604970+00:00	288
1490	2019-06-25 12:41:45.615352+00:00	288
1491	2019-06-25 12:42:20.586695+00:00	288
1492	2019-06-25 12:42:55.362824+00:00	288
1493	2019-06-25 12:50:28.126658+00:00	288
1494	2019-06-25 12:50:46.497465+00:00	288
1495	2019-06-25 12:51:21.182026+00:00	288
1496	2019-06-25 12:51:38.030371+00:00	288
1497	2019-06-25 13:05:38.937056+00:00	289
1498	2019-06-25 13:06:29.927585+00:00	289
1499	2019-06-25 13:07:54.523501+00:00	289
1500	2019-06-25 13:08:35.644503+00:00	289
1501	2019-06-25 13:21:42.794134+00:00	290
1502	2019-06-25 13:35:12.223574+00:00	291
1503	2019-06-25 13:39:11.519859+00:00	291
1504	2019-06-25 13:48:05.526467+00:00	292
1505	2019-06-25 14:00:57.651035+00:00	293
1506	2019-06-25 14:02:45.171668+00:00	293
1507	2019-06-25 14:03:29.523482+00:00	293
1508	2019-06-25 14:12:37.779376+00:00	293
1509	2019-06-25 14:15:07.341307+00:00	293
1510	2019-06-25 14:45:23.467304+00:00	238
1511	2019-06-25 14:45:57.482215+00:00	238
1512	2019-06-25 15:17:37.230960+00:00	295
1513	2019-06-25 15:21:19.258628+00:00	238
1514	2019-06-25 16:31:43.874861+00:00	296
1515	2019-06-25 16:32:09.607114+00:00	296
1516	2019-06-25 16:32:23.351816+00:00	296
1517	2019-06-25 16:33:51.745073+00:00	296
1518	2019-06-25 16:52:19.828543+00:00	297
1519	2019-06-25 16:55:48.865731+00:00	297
1520	2019-06-25 16:56:54.975554+00:00	297
1521	2019-06-25 17:05:01.941545+00:00	299
1522	2019-06-25 23:21:22.436117+00:00	300
1523	2019-06-25 23:22:23.671208+00:00	300
1524	2019-06-25 23:23:46.199140+00:00	300
1525	2019-06-26 00:06:51.596905+00:00	303
1526	2019-06-26 00:07:55.785390+00:00	303
1527	2019-06-26 00:08:26.287890+00:00	303
1528	2019-06-26 00:09:05.876709+00:00	303
1529	2019-06-26 00:11:48.794956+00:00	304
1530	2019-06-26 00:13:27.572808+00:00	304
1531	2019-06-26 00:17:54.554946+00:00	304
1532	2019-06-26 00:19:24.897917+00:00	303
1533	2019-06-26 00:25:27.622991+00:00	304
1534	2019-06-26 01:28:01.997894+00:00	305
1535	2019-06-26 01:40:43.621159+00:00	306
1536	2019-06-26 02:39:35.591184+00:00	307
1537	2019-06-26 02:41:36.092988+00:00	307
1538	2019-06-26 02:46:51.094396+00:00	307
1539	2019-06-26 11:36:50.999962+00:00	308
1540	2019-06-26 11:39:34.965326+00:00	308
1541	2019-06-26 11:40:29.089191+00:00	308
1542	2019-06-26 11:40:51.897219+00:00	308
1543	2019-06-26 11:50:12.019924+00:00	309
1544	2019-06-26 11:50:34.679287+00:00	309
1545	2019-06-26 11:50:55.903257+00:00	309
1546	2019-06-26 11:51:10.189593+00:00	308
1547	2019-06-26 11:51:20.816828+00:00	309
1548	2019-06-26 11:51:38.649524+00:00	309
1549	2019-06-26 11:51:55.806789+00:00	309
1550	2019-06-26 11:51:57.964351+00:00	308
1551	2019-06-26 11:52:25.935637+00:00	308
1552	2019-06-26 11:52:47.069857+00:00	309
1553	2019-06-26 11:55:37.294483+00:00	309
1554	2019-06-26 11:56:25.199922+00:00	309
1555	2019-06-26 13:55:02.853493+00:00	311
1556	2019-06-26 13:56:09.344101+00:00	314
1557	2019-06-26 13:56:48.375422+00:00	314
1558	2019-06-26 13:57:35.707586+00:00	313
1559	2019-06-26 14:00:56.392368+00:00	314
1560	2019-06-26 14:01:41.746075+00:00	314
1561	2019-06-26 14:02:12.491254+00:00	314
1562	2019-06-26 14:02:40.210408+00:00	314
1563	2019-06-26 14:03:11.805561+00:00	314
1564	2019-06-26 14:04:21.063283+00:00	314
1565	2019-06-26 14:04:46.850659+00:00	314
1566	2019-06-26 14:05:29.634771+00:00	314
1567	2019-06-26 14:07:35.999976+00:00	314
1568	2019-06-26 14:08:36.906424+00:00	314
1569	2019-06-26 14:09:02.236852+00:00	314
1570	2019-06-26 14:10:35.164178+00:00	314
1571	2019-06-26 14:11:03.869658+00:00	314
1572	2019-06-26 14:11:30.036345+00:00	314
1573	2019-06-26 14:11:41.917423+00:00	314
1574	2019-06-26 14:11:59.575724+00:00	314
1575	2019-06-26 14:12:49.828838+00:00	317
1576	2019-06-26 14:13:29.488565+00:00	314
1577	2019-06-26 14:13:57.476350+00:00	318
1578	2019-06-26 14:15:23.779912+00:00	315
1579	2019-06-26 14:16:35.578720+00:00	318
1580	2019-06-26 14:18:44.089483+00:00	313
1581	2019-06-26 14:21:37.146435+00:00	310
1582	2019-06-26 14:22:40.389431+00:00	310
1583	2019-06-26 14:23:52.044677+00:00	310
1584	2019-06-26 14:24:03.839201+00:00	310
1585	2019-06-26 14:24:43.557780+00:00	310
1586	2019-06-26 14:24:57.926770+00:00	310
1587	2019-06-26 14:25:45.940308+00:00	320
1588	2019-06-26 14:38:31.145751+00:00	314
1589	2019-06-26 14:38:39.041975+00:00	314
1590	2019-06-26 14:38:57.118284+00:00	314
1591	2019-06-26 14:52:16.571324+00:00	321
1592	2019-06-26 14:52:55.715280+00:00	321
1593	2019-06-26 14:53:26.220267+00:00	321
1594	2019-06-26 14:54:29.605496+00:00	321
1595	2019-06-26 14:56:54.850166+00:00	321
1596	2019-06-26 14:57:12.667963+00:00	310
1597	2019-06-26 14:57:24.030988+00:00	310
1598	2019-06-26 14:57:25.942874+00:00	321
1599	2019-06-26 14:57:51.243024+00:00	321
1600	2019-06-26 14:57:51.480084+00:00	310
1601	2019-06-26 14:57:57.095395+00:00	310
1602	2019-06-26 14:58:05.458661+00:00	310
1603	2019-06-26 14:58:12.782442+00:00	321
1604	2019-06-26 14:58:30.022986+00:00	310
1605	2019-06-26 14:58:53.253972+00:00	321
1606	2019-06-26 14:59:12.978855+00:00	321
1607	2019-06-26 14:59:30.528524+00:00	321
1608	2019-06-26 15:00:19.915136+00:00	321
1609	2019-06-26 15:01:09.229671+00:00	321
1610	2019-06-26 15:01:18.236099+00:00	321
1611	2019-06-26 15:01:41.766751+00:00	321
1612	2019-06-26 15:02:09.123238+00:00	321
1613	2019-06-26 15:02:25.604344+00:00	321
1614	2019-06-26 15:02:39.896906+00:00	321
1615	2019-06-26 15:15:23.159961+00:00	322
1616	2019-06-26 15:15:57.673739+00:00	322
1617	2019-06-26 15:18:11.666818+00:00	322
1618	2019-06-26 16:18:52.823681+00:00	324
1619	2019-06-26 16:21:12.692597+00:00	324
1620	2019-06-26 16:24:37.560462+00:00	322
1621	2019-06-26 16:25:03.006505+00:00	322
1622	2019-06-26 16:25:35.650818+00:00	322
1623	2019-06-26 16:26:13.891532+00:00	322
1624	2019-06-26 16:32:43.506356+00:00	321
1625	2019-06-26 16:33:27.814709+00:00	321
1626	2019-06-26 16:33:53.756852+00:00	321
1627	2019-06-26 16:34:13.919221+00:00	321
1628	2019-06-26 16:35:28.830960+00:00	321
1629	2019-06-26 17:39:20.559638+00:00	311
1630	2019-06-26 17:46:33.498591+00:00	325
1631	2019-06-26 17:47:23.935694+00:00	325
1632	2019-06-26 17:48:12.242022+00:00	325
1633	2019-06-26 17:48:36.249000+00:00	325
1634	2019-06-26 17:48:54.554719+00:00	325
1635	2019-06-26 17:50:18.696379+00:00	325
1636	2019-06-26 17:50:40.880964+00:00	325
1637	2019-06-26 17:50:50.321958+00:00	325
1638	2019-06-26 17:51:56.362210+00:00	325
1639	2019-06-26 17:52:05.897480+00:00	325
1640	2019-06-26 17:52:26.749917+00:00	325
1641	2019-06-26 17:53:04.434624+00:00	325
1642	2019-06-26 17:53:28.788918+00:00	325
1643	2019-06-26 17:53:41.036929+00:00	325
1644	2019-06-26 17:53:56.604169+00:00	325
1645	2019-06-26 17:54:09.907042+00:00	325
1646	2019-06-26 17:54:18.916048+00:00	325
1647	2019-06-26 17:54:38.187894+00:00	325
1648	2019-06-26 17:54:38.809039+00:00	326
1649	2019-06-26 17:56:09.501844+00:00	326
1650	2019-06-26 17:57:06.812205+00:00	326
1651	2019-06-26 17:57:11.728063+00:00	325
1652	2019-06-26 17:58:03.837565+00:00	326
1653	2019-06-26 17:58:05.222421+00:00	325
1654	2019-06-26 17:58:29.343993+00:00	325
1655	2019-06-26 17:59:07.169022+00:00	325
1656	2019-06-26 17:59:33.041433+00:00	325
1657	2019-06-26 17:59:52.355400+00:00	326
1658	2019-06-26 17:59:59.984337+00:00	325
1659	2019-06-26 18:00:11.999736+00:00	325
1660	2019-06-26 18:00:24.353166+00:00	325
1661	2019-06-26 18:00:42.393915+00:00	325
1662	2019-06-26 18:00:57.184933+00:00	325
1663	2019-06-26 18:01:15.567860+00:00	325
1664	2019-06-26 18:01:38.097997+00:00	325
1665	2019-06-26 18:01:52.176373+00:00	325
1666	2019-06-26 18:01:59.689129+00:00	325
1667	2019-06-26 18:02:11.188564+00:00	325
1668	2019-06-26 18:02:23.880492+00:00	325
1669	2019-06-26 18:02:51.842519+00:00	326
1670	2019-06-26 18:32:39.298077+00:00	328
1671	2019-06-26 20:03:06.475219+00:00	329
1672	2019-06-26 22:23:57.060257+00:00	21
1673	2019-06-26 22:24:34.516163+00:00	21
1674	2019-06-26 22:25:38.631038+00:00	21
1675	2019-06-26 22:26:04.769553+00:00	21
1676	2019-06-26 22:28:13.425990+00:00	21
1677	2019-06-26 22:28:28.690871+00:00	21
1678	2019-06-26 22:28:41.733591+00:00	21
1679	2019-06-26 22:57:55.761805+00:00	330
1680	2019-06-26 23:45:31.649952+00:00	331
1681	2019-06-26 23:52:51.040407+00:00	331
1682	2019-06-27 00:43:50.874975+00:00	332
1683	2019-06-27 01:03:04.725780+00:00	333
1684	2019-06-27 01:17:18.999074+00:00	334
1685	2019-06-27 01:18:57.027857+00:00	334
1686	2019-06-27 01:19:29.754455+00:00	334
1687	2019-06-27 01:26:38.092095+00:00	335
1688	2019-06-27 01:30:50.815804+00:00	336
1689	2019-06-27 01:30:50.914773+00:00	336
1690	2019-06-27 02:22:22.286395+00:00	337
1691	2019-06-27 02:23:18.754840+00:00	337
1692	2019-06-27 02:23:38.595115+00:00	337
1693	2019-06-27 02:23:53.560254+00:00	337
1694	2019-06-27 02:24:16.827875+00:00	337
1695	2019-06-27 02:24:43.924257+00:00	337
1696	2019-06-27 02:24:59.969664+00:00	337
1697	2019-06-27 02:25:39.668607+00:00	337
1698	2019-06-27 02:25:51.671645+00:00	337
1699	2019-06-27 02:26:17.805472+00:00	337
1700	2019-06-27 02:26:43.962166+00:00	337
1701	2019-06-27 02:26:59.254407+00:00	337
1702	2019-06-27 02:27:15.188078+00:00	337
1703	2019-06-27 02:27:37.619018+00:00	337
1704	2019-06-27 02:30:12.038592+00:00	337
1705	2019-06-27 02:31:43.883795+00:00	337
1706	2019-06-27 02:32:18.102868+00:00	337
1707	2019-06-27 02:33:20.138169+00:00	337
1708	2019-06-27 02:33:49.237817+00:00	337
1709	2019-06-27 12:05:32.775464+00:00	339
1710	2019-06-27 12:06:14.668097+00:00	339
1711	2019-06-27 12:07:26.014614+00:00	339
1712	2019-06-27 12:08:50.550876+00:00	339
1713	2019-06-27 12:10:47.331026+00:00	339
1714	2019-06-27 12:14:13.176487+00:00	339
1715	2019-06-27 12:16:52.530698+00:00	339
1716	2019-06-27 12:18:03.884338+00:00	339
1717	2019-06-27 12:20:58.318058+00:00	339
1718	2019-06-27 12:22:58.588403+00:00	339
1719	2019-06-27 12:40:02.413543+00:00	339
1720	2019-06-27 12:46:37.284117+00:00	339
1721	2019-06-27 12:55:47.935833+00:00	339
1722	2019-06-27 15:39:20.946381+00:00	342
1723	2019-06-27 15:44:49.070461+00:00	342
1724	2019-06-27 15:47:42.335954+00:00	342
1725	2019-06-27 16:38:56.625317+00:00	343
1726	2019-06-27 16:39:15.998509+00:00	343
1727	2019-06-27 16:39:41.839067+00:00	343
1728	2019-06-27 16:42:58.309227+00:00	343
1729	2019-06-27 16:43:09.660945+00:00	343
1730	2019-06-27 16:43:52.232746+00:00	343
1731	2019-06-27 16:44:12.502835+00:00	343
1732	2019-06-27 16:44:24.486778+00:00	343
1733	2019-06-27 17:19:16.051615+00:00	345
1734	2019-06-27 17:37:32.757202+00:00	344
1735	2019-06-27 21:21:39.529050+00:00	346
1736	2019-06-27 21:24:16.609989+00:00	346
1737	2019-06-27 23:05:43.879957+00:00	347
1738	2019-06-27 23:07:01.905247+00:00	347
1739	2019-06-27 23:09:22.523887+00:00	347
1740	2019-06-27 23:11:12.390591+00:00	347
1741	2019-06-27 23:12:02.836636+00:00	347
1742	2019-06-27 23:13:14.522357+00:00	347
1743	2019-06-27 23:13:57.690862+00:00	347
1744	2019-06-27 23:16:18.023076+00:00	347
1745	2019-06-27 23:17:30.418816+00:00	347
1746	2019-06-27 23:20:39.478286+00:00	347
1747	2019-06-27 23:22:38.223520+00:00	347
1748	2019-06-27 23:25:28.923379+00:00	347
1749	2019-06-27 23:31:33.415142+00:00	347
1750	2019-06-27 23:33:10.234713+00:00	347
1751	2019-06-27 23:52:12.222608+00:00	347
1752	2019-06-28 01:58:24.127693+00:00	348
1753	2019-06-28 02:04:37.531887+00:00	348
1754	2019-06-28 02:04:56.949832+00:00	348
1755	2019-06-28 18:53:29.091219+00:00	351
1756	2019-06-28 18:54:55.170883+00:00	351
1757	2019-06-28 18:55:19.273372+00:00	351
1758	2019-06-28 18:55:42.604051+00:00	351
1759	2019-06-28 18:56:42.951959+00:00	351
1760	2019-06-28 18:57:49.061541+00:00	351
1761	2019-06-28 18:58:52.331140+00:00	351
1762	2019-06-28 18:59:03.205784+00:00	351
1763	2019-06-28 19:00:25.089310+00:00	351
1764	2019-06-28 19:02:39.919367+00:00	351
1765	2019-06-28 21:46:56.035611+00:00	352
1766	2019-06-28 23:24:08.420914+00:00	336
1767	2019-06-29 00:11:49.252628+00:00	353
1768	2019-06-29 00:20:03.359795+00:00	353
1769	2019-06-29 00:20:05.496926+00:00	353
1770	2019-06-30 23:01:28.486066+00:00	238
1771	2019-06-30 23:03:15.064509+00:00	238
1772	2019-06-30 23:03:43.743208+00:00	238
1773	2019-06-30 23:05:01.685259+00:00	238
1774	2019-07-01 19:37:23.087333+00:00	355
1775	2019-07-01 23:56:22.156316+00:00	356
1776	2019-07-01 23:56:48.915800+00:00	356
1777	2019-07-01 23:57:19.422100+00:00	356
1778	2019-07-01 23:57:31.826648+00:00	356
1779	2019-07-01 23:59:34.172868+00:00	356
1780	2019-07-02 00:00:11.815446+00:00	356
1781	2019-07-02 03:55:26.570552+00:00	154
1782	2019-07-02 20:50:12.169945+00:00	357
1783	2019-07-02 20:53:28.027983+00:00	357
1784	2019-07-02 20:53:51.535978+00:00	357
1785	2019-07-02 20:54:08.245416+00:00	357
1786	2019-07-02 22:38:11.154461+00:00	358
1787	2019-07-02 22:38:17.236985+00:00	358
1788	2019-07-03 13:43:46.226397+00:00	14
1789	2019-07-03 13:44:00.634878+00:00	14
1790	2019-07-03 13:44:27.665687+00:00	14
1791	2019-07-03 13:44:47.627189+00:00	14
1792	2019-07-03 13:44:58.132796+00:00	14
1793	2019-07-03 13:45:07.964585+00:00	14
1794	2019-07-03 13:45:20.372498+00:00	14
1795	2019-07-03 13:45:35.211420+00:00	14
1796	2019-07-03 13:46:51.615606+00:00	14
1797	2019-07-03 13:49:52.878131+00:00	14
1798	2019-07-03 13:50:17.819289+00:00	14
1799	2019-07-03 13:52:10.898577+00:00	14
1800	2019-07-03 13:53:21.149657+00:00	14
1801	2019-07-04 12:09:43.876083+00:00	336
1802	2019-07-05 20:01:55.074666+00:00	360
1803	2019-07-05 22:39:49.824783+00:00	277
1804	2019-07-07 04:13:08.270297+00:00	361
1805	2019-07-07 04:16:43.386431+00:00	361
1806	2019-07-07 04:19:34.174464+00:00	361
1807	2019-07-07 04:22:27.661355+00:00	361
1808	2019-07-07 04:23:57.334491+00:00	361
1809	2019-07-07 04:25:46.753102+00:00	361
1810	2019-07-07 04:26:59.463714+00:00	361
1811	2019-07-07 04:27:59.161813+00:00	361
1812	2019-07-07 04:29:40.785524+00:00	361
1813	2019-07-07 04:30:50.352336+00:00	361
1814	2019-07-07 04:34:30.448385+00:00	361
1815	2019-07-07 04:35:17.684321+00:00	361
1816	2019-07-07 04:36:27.529707+00:00	361
1817	2019-07-07 04:38:46.966281+00:00	361
1818	2019-07-07 04:42:22.901669+00:00	361
1819	2019-07-07 04:42:51.803674+00:00	361
1820	2019-07-07 04:45:54.755918+00:00	361
1821	2019-07-07 23:18:21.886884+00:00	238
1822	2019-07-09 16:18:09.784146+00:00	336
1823	2019-07-10 03:20:13.043756+00:00	362
1824	2019-07-10 11:29:14.952597+00:00	336
1825	2019-07-16 15:40:04.371846+00:00	289
1826	2019-07-18 19:15:34.233579+00:00	363
1827	2019-07-18 19:17:12.891872+00:00	363
1828	2019-07-19 13:11:54.096734+00:00	364
1829	2019-07-19 13:12:17.422907+00:00	364
1830	2019-07-19 13:12:41.338444+00:00	364
1831	2019-07-19 13:13:08.979661+00:00	364
1832	2019-07-24 19:34:58.542759+00:00	366
1833	2019-08-14 03:19:26.728126+00:00	367
1834	2019-08-25 14:55:30.615137+00:00	368
1835	2019-08-26 19:19:35.393986+00:00	368
1836	2019-08-26 19:21:54.927260+00:00	368
1837	2019-08-26 19:22:42.130948+00:00	368
1838	2019-08-26 19:23:20.762525+00:00	368
1839	2019-08-26 19:25:25.984413+00:00	368
1840	2019-08-26 19:26:29.944111+00:00	368
1841	2019-08-26 19:27:31.235206+00:00	368
1842	2019-08-26 19:29:04.510370+00:00	368
1843	2019-08-26 19:29:32.851339+00:00	368
1844	2019-08-26 19:30:14.055236+00:00	368
1845	2019-08-26 19:30:53.283248+00:00	368
1846	2019-08-26 19:32:06.856063+00:00	368
1847	2019-08-26 19:33:03.075932+00:00	368
1848	2019-08-26 19:34:02.126479+00:00	368
1849	2019-08-26 19:35:06.821366+00:00	368
1850	2019-08-26 19:35:32.083718+00:00	368
1851	2019-08-26 19:50:43.111006+00:00	368
1852	2019-08-26 20:04:10.014171+00:00	368
1853	2019-08-26 20:04:34.035147+00:00	368
1854	2019-08-26 20:04:57.317519+00:00	368
1855	2019-08-26 20:05:22.361471+00:00	368
1856	2019-08-26 20:05:35.886137+00:00	368
1857	2019-08-26 20:05:53.502629+00:00	368
1858	2019-08-26 20:06:28.767657+00:00	368
1859	2019-08-26 20:07:09.082198+00:00	368
1860	2019-08-26 20:20:49.112858+00:00	368
1861	2019-08-26 20:29:42.621121+00:00	369
1862	2019-08-26 20:30:59.534215+00:00	369
1863	2019-08-26 20:33:32.808858+00:00	369
1864	2019-08-26 20:34:28.759745+00:00	369
1865	2019-08-26 20:35:42.201266+00:00	369
1866	2019-08-26 20:36:32.342704+00:00	369
1867	2019-08-26 20:36:57.803220+00:00	369
1868	2019-08-26 20:41:40.874077+00:00	369
1869	2019-08-26 20:44:03.649965+00:00	369
1870	2019-08-26 20:44:48.600177+00:00	369
1871	2019-08-26 20:45:23.561657+00:00	369
1872	2019-09-10 14:53:34.884288+00:00	154
1873	2019-09-10 16:31:31.564744+00:00	154
